{
  "accuracy": 0.768595041322314,
  "f1": 0.7704918032786885,
  "precision": 0.7704918032786885,
  "recall": 0.7704918032786885,
  "roc_auc": 0.8592896174863389,
  "confusion_matrix": [
    [
      46,
      14
    ],
    [
      14,
      47
    ]
  ]
}