clip_id,subject_id,is_deceptive,mumin_smile_genuine_prop,mumin_smile_social_prop,mumin_laughter_prop,mumin_scowl_prop,mumin_smile_genuine_rate,mumin_smile_social_rate,mumin_scowl_rate,mumin_eyebrow_raise_prop,mumin_eyebrow_inner_raise_prop,mumin_eyebrow_frown_prop,mumin_eyebrow_raise_rate,mumin_eyebrow_inner_raise_rate,mumin_eyes_wide_prop,mumin_blink_rate,mumin_blink_dur_mean,mumin_blink_dur_std,mumin_gaze_interlocutor_prop,mumin_gaze_up_prop,mumin_gaze_down_prop,mumin_gaze_side_prop,mumin_mouth_open_prop,mumin_lips_up_prop,mumin_lips_down_prop,mumin_lips_retract_prop,mumin_lips_protrude_prop,mumin_head_nod_rate,mumin_head_shake_rate,mumin_head_sideturn_prop,mumin_head_tilt_prop,micro_expr_count,micro_expr_rate,micro_expr_dur_mean,micro_expr_dur_std,micro_expr_dur_median,micro_expr_intensity_mean,micro_expr_intensity_std,micro_expr_intensity_max,micro_expr_au_diversity,emo_happiness_prop,emo_happiness_rate,emo_sadness_prop,emo_sadness_rate,emo_surprise_prop,emo_surprise_rate,emo_fear_prop,emo_fear_rate,emo_anger_prop,emo_anger_rate,emo_disgust_prop,emo_disgust_rate,emo_contempt_prop,emo_contempt_rate,emo_diversity,emo_transition_rate,emo_incongruence_prop,au_intensity_mean,au_intensity_std,au_intensity_range,facial_freeze_prop,au_peak_to_mean,au_temporal_smoothness,au_activation_entropy,au_coactivation_mean,blink_regularity,gaze_stability,gaze_transition_rate,head_motion_energy,head_motion_range_pitch,head_motion_range_yaw,head_motion_range_roll,expr_onset_speed_mean,expr_offset_speed_mean,onset_offset_asymmetry,expr_bout_dur_mean,expr_bout_dur_std,expr_bout_regularity,long_expr_prop,short_expr_prop
trial_lie_001.mp4,S001,1,0.12350597609561753,0.027888446215139442,0.0099601593625498,0.08565737051792828,0.5299105040037682,0.2355157795572303,0.41215261422515304,0.23904382470119523,0.06573705179282868,0.9780876494023905,0.4710315591144606,0.41215261422515304,0.0,0.4710315591144606,0.2466501996007984,0.1167805099320943,0.0,0.0,0.9920318725099602,0.9741035856573705,0.30677290836653387,0.15139442231075698,0.035856573705179286,0.01593625498007968,0.049800796812749,0.41215261422515304,1.6486104569006121,1.0,0.4402390438247012,0.0,0.0,0.0,0.0,0.0,0.0,0.0,0.0,0.0,0.12350597609561753,0.5299105040037682,0.00398406374501992,0.058878944889307575,0.0,0.0,0.0,0.0,0.0,0.0,0.0,0.0,0.07569721115537849,0.3532736693358455,1.0784898835906866,0.2355157795572303,0.07370517928286853,0.2299800796812749,0.09722106311768992,0.4394117647058824,0.017928286852589643,2.2789697602731005,0.013927439239168721,2.798559732164766,2.9780876494023905,0.8707166982851554,0.9544758322112601,0.0,0.026744510978043916,0.33399999999999996,0.456,0.508,0.6073189991964758,0.0,0.0,17.0179001996008,0.0,0.0,1.0,0.0
trial_lie_002.mp4,S001,1,0.1306941431670282,0.0016268980477223427,0.015184381778741865,0.3004338394793926,0.2080133128520225,0.016001024065540194,0.5280337941628264,0.2131236442516269,0.028199566160520606,0.9056399132321041,0.36802355350742444,0.19201228878648233,0.008676789587852495,0.14400921658986174,0.34535437390727697,0.1256787006714703,0.0,0.0,1.0,0.960412147505423,0.3324295010845987,0.13232104121475055,0.06724511930585683,0.29067245119305857,0.24945770065075923,0.9280593958013312,0.6080389144905274,0.9869848156182213,0.3644251626898048,0.0,0.0,0.0,0.0,0.0,0.0,0.0,0.0,0.0,0.1306941431670282,0.2080133128520225,0.0032537960954446853,0.016001024065540194,0.0016268980477223427,0.016001024065540194,0.0,0.0,0.0032537960954446853,0.016001024065540194,0.0,0.0,0.13232104121475055,0.2080133128520225,1.2100229288469224,0.06400409626216078,0.13232104121475055,0.30242631108842666,0.08940055842050286,0.48352941176470576,0.0016268980477223427,1.902262126521287,0.01633334397242348,2.801419153766454,4.197939262472885,0.7873415281539163,0.9408838169401708,0.0,0.026412913727618104,0.395,0.658,0.46099999999999997,-0.0693879702418601,0.0,0.0,62.52990992946283,0.0,0.0,1.0,0.0
trial_lie_003.mp4,S001,1,0.09803921568627451,0.024509803921568627,0.05392156862745098,0.09803921568627451,0.42613636363636365,0.14204545454545456,0.5681818181818182,0.2107843137254902,0.10784313725490197,1.0,0.5681818181818182,0.2840909090909091,0.0,0.14204545454545456,0.16767980295566504,0.0,0.0,0.0,1.0,1.0,0.3284313725490196,0.12254901960784313,0.06862745098039216,0.06862745098039216,0.029411764705882353,0.0,1.4204545454545454,1.0,0.47058823529411764,0.0,0.0,0.0,0.0,0.0,0.0,0.0,0.0,0.0,0.09803921568627451,0.42613636363636365,0.0,0.0,0.0,0.0,0.0,0.0,0.0,0.0,0.0,0.0,0.12254901960784313,0.5681818181818182,0.9910760598382222,0.14204545454545456,0.09803921568627451,0.2537860438292964,0.07035110317717255,0.40647058823529414,0.0,2.011884607955643,0.014532019704433498,2.452057193242092,3.0,0.0,0.9542131719073716,0.0,0.02505911330049262,0.08300000000000002,0.32099999999999995,0.154,0.2713903743315513,0.0,0.0,7.074679802955665,0.0,0.0,1.0,0.0
trial_lie_004.mp4,S001,1,0.12968299711815562,0.0,0.008645533141210375,0.2737752161383285,0.2583534274888047,0.0,0.775060282466414,0.07780979827089338,0.16714697406340057,0.9855907780979827,0.34447123665173957,0.4305890458146745,0.0,0.4305890458146745,0.1739606936416186,0.07423099083267032,0.0,0.0,1.0,1.0,0.3314121037463977,0.12968299711815562,0.07492795389048991,0.10951008645533142,0.21902017291066284,0.5167068549776094,0.6889424733034791,1.0,0.6109510086455331,0.0,0.0,0.0,0.0,0.0,0.0,0.0,0.0,0.0,0.12968299711815562,0.2583534274888047,0.0,0.0,0.0,0.0,0.0,0.0,0.0,0.0,0.0,0.0,0.12968299711815562,0.2583534274888047,1.0,0.0,0.12968299711815562,0.2891388370910324,0.07818302681676569,0.36058823529411765,0.0,1.6906187156651795,0.015270316218973137,2.6582866156083025,3.8069164265129682,0.8290371503350392,0.9651807208196934,0.0,0.019592485549132954,0.256,0.30100000000000005,0.198,0.035055014082795044,0.0,0.0,11.645560693641618,0.0,0.0,1.0,0.0
trial_lie_005.mp4,S001,1,0.08692852543464263,0.0,0.005795235028976175,0.3676754668383773,0.2622361248993201,0.0,0.7305149193623915,0.3065035415325177,0.050225370251126854,0.9987121699935608,0.2435049731207972,0.22477382134227433,0.0,0.20604266956375147,0.3045806583880037,0.1586756658790142,0.0,0.0,0.9967804249839022,1.0,0.4230521571152608,0.08692852543464263,0.10753380553766903,0.08628461043142305,0.2678686413393432,0.5244722497986402,0.8803641335905745,1.0,0.7772054088860271,0.0,0.0,0.0,0.0,0.0,0.0,0.0,0.0,0.0,0.08692852543464263,0.2622361248993201,0.0,0.0,0.0,0.0,0.0,0.0,0.0,0.0,0.0,0.0,0.06310367031551835,0.20604266956375147,0.9817326239454709,0.0,0.06310367031551835,0.33617249346615663,0.1242006561338098,0.7523529411764706,0.003219575016097875,2.4567219775353815,0.01592973013947847,2.844981482693066,4.352221506761108,0.9216013754926807,0.9653500264633987,0.0,0.018474871134020677,0.511,0.39,0.6639999999999999,1.2141312216347002,0.0,0.0,53.42139884020619,0.0,0.0,1.0,0.0
trial_lie_006.mp4,S001,1,0.29130434782608694,0.18043478260869567,0.0782608695652174,0.2108695652173913,0.6598845202089635,0.7148748968930437,0.8248556502612043,0.10217391304347827,0.10652173913043478,0.8630434782608696,0.4949133901567226,0.5499037668408029,0.0,0.5499037668408029,0.31661873638344207,0.11676300784066837,0.0,0.0,1.0,0.95,0.43043478260869567,0.4717391304347826,0.08260869565217391,0.06739130434782609,0.16521739130434782,0.8798460269452847,2.419576574099533,1.0,0.7869565217391304,0.0,0.0,0.0,0.0,0.0,0.0,0.0,0.0,0.0,0.29130434782608694,0.6598845202089635,0.010869565217391304,0.10998075336816059,0.0,0.0,0.0,0.0,0.0,0.0,0.002173913043478261,0.05499037668408029,0.43478260869565216,0.7148748968930437,1.0939884951061627,0.8798460269452847,0.2826086956521739,0.3284143222506394,0.10797120912715288,1.0247058823529414,0.008695652173913044,3.3673389922903203,0.030661284121491734,2.8337188782014953,4.856521739130435,0.6784868068126727,0.9407267879339073,0.0,0.042104575163398716,0.32199999999999995,0.958,0.473,0.5938960681880664,0.0,0.0,18.22461873638344,0.0,0.0,1.0,0.0
trial_lie_007.mp4,S002,1,0.0037397157816005983,0.0037397157816005983,0.0,0.008975317875841436,0.021376656690893545,0.021376656690893545,0.06412997007268063,0.14210919970082272,0.11368735976065819,0.07329842931937172,0.3420265070542967,0.5985463873450192,0.28721017202692595,0.25651988029072254,0.24343163672654602,0.1242527386239657,0.268511593118923,0.0,0.5549738219895288,0.12266267763649963,0.39416604338070305,0.0074794315632011965,0.2049364248317128,0.12415856394913986,0.28272251308900526,1.0260795211628901,0.2992731936725096,0.05759162303664921,0.04263275991024682,0.0,0.0,0.0,0.0,0.0,0.0,0.0,0.0,0.0,0.0037397157816005983,0.021376656690893545,0.0007479431563201197,0.021376656690893545,0.013462976813762155,0.10688328345446772,0.0007479431563201197,0.021376656690893545,0.012715033657442034,0.04275331338178709,0.0,0.0,0.0074794315632011965,0.04275331338178709,2.0586235690924797,0.1496365968362548,0.006731488406881077,0.2863742355580976,0.16808091588135166,1.4152941176470588,0.004487658937920718,5.237901367337533,0.02020561817541388,2.8656769301644753,3.6409872849663425,0.7449270894517913,0.898233159003294,1.4108593415989739,0.03726646706586844,3.281,1.732,3.395,-0.13439629806604272,-4.6282725146492965,0.029038112522686337,23.30801497005988,1.5180000000000007,0.06512781126792372,1.0,0.0
trial_lie_008.mp4,S002,1,0.004651162790697674,0.0,0.0,0.0,0.13747594171020072,0.0,0.0,0.0,0.06046511627906977,0.0,0.0,0.13747594171020072,0.13488372093023257,0.13747594171020072,0.3349906542056074,0.0,0.11162790697674418,0.0,0.5255813953488372,0.0,0.2186046511627907,0.004651162790697674,0.0,0.03255813953488372,0.07906976744186046,0.0,0.27495188342040144,0.004651162790697674,0.0,0.0,0.0,0.0,0.0,0.0,0.0,0.0,0.0,0.0,0.004651162790697674,0.13747594171020072,0.0,0.0,0.0,0.0,0.0,0.0,0.0,0.0,0.0,0.0,0.004651162790697674,0.13747594171020072,1.0,0.0,0.004651162790697674,0.21912722298221612,0.06635400952152001,0.30058823529411766,0.004651162790697674,1.814685794908292,0.012773501924134139,2.3450733265678827,2.818604651162791,0.0,0.955982980318739,1.0998075336816058,0.019542056074766348,0.094,0.181,0.095,0.6057028255349418,0.0,0.0,7.307990654205607,0.0,0.0,1.0,0.0
trial_lie_009.mp4,S002,1,0.0,0.0,0.0,0.008169934640522876,0.0,0.0,0.048494253430968436,0.058823529411764705,0.06209150326797386,0.011437908496732025,0.19397701372387374,0.2909655205858106,0.4918300653594771,0.19397701372387374,0.21774959083469728,0.06888033100965764,0.28104575163398693,0.0,0.4117647058823529,0.06372549019607843,0.22549019607843138,0.0,0.0784313725490196,0.15359477124183007,0.1323529411764706,0.09698850686193687,0.3879540274477475,0.026143790849673203,0.042483660130718956,0.0,0.0,0.0,0.0,0.0,0.0,0.0,0.0,0.0,0.0,0.0,0.0,0.0,0.0,0.0,0.0,0.0,0.0,0.0,0.0,0.0,0.0,0.0,0.0,0.0,0.0,0.20144655901576317,0.09101507455873599,0.4664705882352942,0.09803921568627451,2.593009995944367,0.01456147106960624,2.7458634047446955,2.5718954248366015,1.1827386712356616,0.9452265878502677,0.9213908151884003,0.016911620294599018,0.239,0.302,0.258,0.43573513009296605,-0.21786756504648302,2.0,10.310749590834698,7.040000000000002,0.6827825598885565,0.5,0.0
trial_lie_010.mp4,S002,1,0.17780429594272076,0.016706443914081145,0.0059665871121718375,0.02386634844868735,0.24058289799285126,0.06873797085510036,0.10310695628265054,0.13007159904534607,0.022673031026252982,0.045346062052505964,0.27495188342040144,0.13747594171020072,0.10501193317422435,0.10310695628265054,0.2687622461170842,0.02694438717061598,0.05369928400954654,0.0,0.8794749403341289,0.23031026252983294,0.4009546539379475,0.19451073985680192,0.29832935560859186,0.2720763723150358,0.3818615751789976,0.10310695628265054,0.6530107231234534,0.5847255369928401,0.32935560859188545,0.0,0.0,0.0,0.0,0.0,0.0,0.0,0.0,0.0,0.17780429594272076,0.24058289799285126,0.0,0.0,0.011933174224343675,0.10310695628265054,0.0,0.0,0.0,0.0,0.0,0.0,0.19451073985680192,0.24058289799285126,1.1671961338990848,0.20621391256530108,0.17780429594272076,0.38362838691562545,0.1370238228286775,0.6399999999999999,0.0,2.085351416332886,0.01747909199522103,2.628291553531915,5.144391408114559,0.47466023116982065,0.9343814497047142,0.13747594171020072,0.027719235364396678,0.344,0.696,0.523,-0.05076501318151531,0.0,0.0,29.130762246117087,0.0,0.0,1.0,0.0
trial_lie_011.mp4,S002,1,0.031155778894472363,0.018090452261306532,0.0,0.009045226130653266,0.11881070484450648,0.08910802863337987,0.08910802863337987,0.20904522613065327,0.053266331658291456,0.04824120603015075,0.2970267621112662,0.23762140968901296,0.38190954773869346,0.17821605726675974,0.295203554661301,0.07611978863752977,0.3487437185929648,0.0,0.35376884422110555,0.023115577889447236,0.38090452261306534,0.04924623115577889,0.15979899497487438,0.3155778894472362,0.18391959798994975,0.4752428193780259,0.41583746695577267,0.02613065326633166,0.06733668341708543,0.0,0.0,0.0,0.0,0.0,0.0,0.0,0.0,0.0,0.031155778894472363,0.11881070484450648,0.006030150753768844,0.02970267621112662,0.03819095477386935,0.1485133810556331,0.0,0.0,0.0,0.0,0.0,0.0,0.04522613065326633,0.11881070484450648,1.7765198000084212,0.26732408590013956,0.031155778894472363,0.3344900975465563,0.1328722417932237,0.6358823529411765,0.010050251256281407,2.122633839410382,0.018385607764232457,2.8960329678698944,4.304522613065327,1.484928865547894,0.9348948236414462,2.346511420679003,0.02071227364185115,0.222,0.5329999999999999,0.372,0.0,0.0,0.0,33.70087022132797,0.0,0.0,1.0,0.0
trial_lie_012.mp4,S002,1,0.13924050632911392,0.0,0.0,0.05907172995780591,0.5079365079365079,0.0,0.12698412698412698,0.046413502109704644,0.05485232067510549,0.14767932489451477,0.25396825396825395,0.38095238095238093,0.08016877637130802,0.25396825396825395,0.18386864406779624,0.049499999999999655,0.270042194092827,0.0,0.21518987341772153,0.0,0.3080168776371308,0.13924050632911392,0.1518987341772152,0.0379746835443038,0.05485232067510549,0.25396825396825395,0.6349206349206349,0.08860759493670886,0.16877637130801687,0.0,0.0,0.0,0.0,0.0,0.0,0.0,0.0,0.0,0.13924050632911392,0.5079365079365079,0.0,0.0,0.0,0.0,0.0,0.0,0.0,0.0,0.0,0.0,0.1350210970464135,0.5079365079365079,0.9998292601233936,0.0,0.1350210970464135,0.33192355423181935,0.09032491082837735,0.39117647058823524,0.0,1.6587802470612865,0.014424227318045863,2.631556362977211,4.455696202531645,0.0,0.9600655853772766,0.7619047619047619,0.018957627118644065,0.194,0.432,0.194,0.15865546218487273,0.0,0.0,7.908368644067797,0.0,0.0,1.0,0.0
trial_lie_013.mp4,S002,1,0.0142602495543672,0.012477718360071301,0.0,0.008912655971479501,0.052578999947421004,0.21031599978968402,0.10515799989484201,0.11942959001782531,0.0873440285204991,0.05169340463458111,0.473210999526789,0.52578999947421,0.4206773618538324,0.36805299963194704,0.3245339285714293,0.08496529903917413,0.1586452762923351,0.0,0.6203208556149733,0.0374331550802139,0.39928698752228164,0.026737967914438502,0.20320855614973263,0.28520499108734404,0.09803921568627451,0.52578999947421,0.7361059992638941,0.18538324420677363,0.3155080213903743,0.0,0.0,0.0,0.0,0.0,0.0,0.0,0.0,0.0,0.0142602495543672,0.052578999947421004,0.0,0.0,0.017825311942959002,0.15773699984226303,0.0,0.0,0.0,0.0,0.0,0.0,0.0196078431372549,0.10515799989484201,1.572704141545369,0.21031599978968402,0.012477718360071301,0.3025773303973996,0.12209957142246607,0.6052941176470588,0.0,2.342619417260403,0.020615546218487397,2.9639343597969936,3.9696969696969697,0.7555638701961416,0.9533414533294192,1.05157999894842,0.03356785714285711,0.26,0.706,0.591,-0.17320141159150385,0.0,0.0,19.0529625,0.0,0.0,1.0,0.0
trial_lie_014.mp4,S003,1,0.0,0.6896551724137931,0.0,0.3390804597701149,0.0,0.43434197191255247,0.5791226292167366,0.0,0.14367816091954022,0.9827586206896551,0.0,0.07239032865209208,0.26436781609195403,0.2895613146083683,0.20484971098265917,0.07251551558114999,0.0,0.0,1.0,0.9885057471264368,0.4540229885057471,0.6896551724137931,0.1724137931034483,0.08620689655172414,0.25862068965517243,0.7239032865209208,0.43434197191255247,0.9885057471264368,0.28735632183908044,0.0,0.0,0.0,0.0,0.0,0.0,0.0,0.0,0.0,0.0,0.0,0.0,0.0,0.0,0.0,0.0,0.0,0.0,0.0,0.005747126436781609,0.07239032865209208,0.05172413793103448,0.07239032865209208,0.4689955935892812,0.07239032865209208,0.0,0.43649784482758625,0.08441978959571013,0.308125,0.0,1.3846001925593105,0.017926300578034682,1.988903239281658,4.540229885057471,0.7833604192544524,0.93950805191567,0.0,0.028578034682080904,0.26999999999999996,0.45299999999999996,0.216,0.37570580570435824,0.0,0.0,13.893849710982659,0.0,0.0,1.0,0.0
trial_lie_015.mp4,S003,1,0.0,0.8952513966480447,0.0,0.25977653631284914,0.0,0.058477822285898075,0.7017338674307768,0.21508379888268156,0.0,1.0,0.20467237800064325,0.0,0.008379888268156424,0.3801058448583375,0.2737566433566435,0.1619854986569717,0.0,0.0,1.0,0.9022346368715084,0.3547486033519553,0.8952513966480447,0.09636871508379888,0.12430167597765363,0.18016759776536312,0.7017338674307768,0.818689512002573,0.9902234636871509,0.7081005586592178,0.0,0.0,0.0,0.0,0.0,0.0,0.0,0.0,0.0,0.0,0.0,0.05027932960893855,0.20467237800064325,0.008379888268156424,0.058477822285898075,0.008379888268156424,0.058477822285898075,0.0,0.0,0.0,0.0,0.00558659217877095,0.058477822285898075,1.37088490928384,0.14619455571474518,0.0111731843575419,0.40499753532697996,0.11290368879282675,0.8270588235294116,0.0,2.5562973286027546,0.016229535170711643,2.2638088938015493,4.7136871508379885,0.9136314356233732,0.8791593857947694,0.0,0.020039160839160852,0.276,0.7040000000000001,0.28800000000000003,0.08608279427674059,0.0,0.0,34.24883356643357,0.0,0.0,1.0,0.0
trial_lie_016.mp4,S003,1,0.0,0.945321992709599,0.0,0.3377885783718105,0.0,0.10829249803719848,0.5414624901859924,0.12393681652490887,0.0959902794653706,1.0,0.32487749411159544,0.48731624116739314,0.01701093560145808,0.18951187156509733,0.2359355231143561,0.16904606303777653,0.0,0.0,1.0,0.9854191980558931,0.370595382746051,0.945321992709599,0.244228432563791,0.14580801944106925,0.10571081409477522,1.1912174784091834,1.7326799685951757,0.9866342648845686,0.7132442284325637,0.0,0.0,0.0,0.0,0.0,0.0,0.0,0.0,0.0,0.0,0.0,0.08262454434993925,0.2707312450929962,0.001215066828675577,0.02707312450929962,0.001215066828675577,0.02707312450929962,0.0,0.0,0.0,0.0,0.1166464155528554,0.18951187156509733,1.0732088694538282,0.2707312450929962,0.030376670716889428,0.44991637481237934,0.10548934433753578,0.51,0.0,1.6839730697498565,0.018002719335909547,1.961050134484336,4.664641555285541,0.9894877981987286,0.905498381491792,0.0,0.020614355231143557,0.446,0.985,0.313,1.5054249763906413,0.0,0.0,36.98193552311435,0.0,0.0,1.0,0.0
trial_lie_017.mp4,S003,1,0.0,0.6260869565217392,0.0,0.5677018633540373,0.0,0.06905600441958429,0.5524480353566743,0.0782608695652174,0.16149068322981366,0.9503105590062112,0.20716801325875286,0.5064106990769515,0.15527950310559005,0.23018668139861428,0.1842335820895527,0.11030938310044197,0.0,0.0,0.7677018633540372,0.9875776397515528,0.4322981366459627,0.6260869565217392,0.3639751552795031,0.07701863354037267,0.2422360248447205,0.5064106990769515,0.46037336279722857,0.9937888198757764,0.6385093167701863,0.0,0.0,0.0,0.0,0.0,0.0,0.0,0.0,0.0,0.0,0.0,0.008695652173913044,0.023018668139861427,0.0,0.0,0.0,0.0,0.0,0.0,0.0,0.0,0.013664596273291925,0.046037336279722854,0.964078764808229,0.046037336279722854,0.007453416149068323,0.42889952502740225,0.13306798211888413,0.7547058823529411,0.02608695652173913,1.911869685441154,0.014509072285630668,2.3272812208270315,4.756521739130434,0.9475326136283408,0.9325902268935491,0.0,0.017838308457711453,0.509,0.724,0.733,0.7511668433687957,0.0,0.0,43.49703358208955,0.0,0.0,1.0,0.0
trial_lie_018.mp4,S003,1,0.0,0.9631675874769797,0.0,0.20257826887661143,0.0,0.05796933422219646,0.49273934088866994,0.10497237569060773,0.058931860036832415,1.0,0.34781600533317875,0.2028926697776876,0.01841620626151013,0.34781600533317875,0.23057164821648224,0.1321977422483289,0.0,0.0,1.0,0.9797421731123389,0.287292817679558,0.9631675874769797,0.15837937384898712,0.08287292817679558,0.04419889502762431,0.4637546737775717,0.6086780093330628,0.9815837937384899,0.47513812154696133,0.0,0.0,0.0,0.0,0.0,0.0,0.0,0.0,0.0,0.0,0.0,0.08103130755064457,0.23187733688878584,0.01289134438305709,0.05796933422219646,0.01289134438305709,0.05796933422219646,0.0,0.0,0.0,0.0,0.0570902394106814,0.05796933422219646,1.60946325399066,0.17390800266658937,0.03867403314917127,0.4300844978875528,0.10930168034275713,0.6335294117647058,0.0,2.0420063927699736,0.022848925548079012,2.202216526774525,4.416206261510129,0.9715352606037937,0.9232242578083109,0.0,0.02282656826568265,0.29100000000000004,0.899,0.33199999999999996,0.4435677056249021,0.0,0.0,34.564654981549815,0.0,0.0,1.0,0.0
trial_lie_019.mp4,S003,1,0.0,0.9505494505494505,0.0,0.163003663003663,0.0,0.10947806333305964,0.43791225333223854,0.01098901098901099,0.014652014652014652,1.0,0.02736951583326491,0.08210854749979474,0.0,0.21895612666611927,0.2379153669724765,0.1318431241096783,0.0,0.0,1.0,1.0,0.2564102564102564,0.9505494505494505,0.06227106227106227,0.06593406593406594,0.10073260073260074,0.5473903166652982,0.30106467416591404,1.0,0.3076923076923077,0.0,0.0,0.0,0.0,0.0,0.0,0.0,0.0,0.0,0.0,0.0,0.0,0.0,0.0,0.0,0.0,0.0,0.0,0.0,0.0,0.0,0.152014652014652,0.19158661083285436,0.0,0.0,0.0,0.5043912949795303,0.09246945467245504,0.5747058823529412,0.0,1.6233894945490586,0.019252023745277926,1.2397750215585739,4.9212454212454215,1.391866862432197,0.9408560814367479,0.0,0.020618348623853196,0.202,0.315,0.22,0.7107219273291067,0.0,0.0,36.60404036697248,0.0,0.0,1.0,0.0
trial_lie_020.mp4,S003,1,0.0,0.8978723404255319,0.0,0.2851063829787234,0.0,0.09000090000900009,0.4500045000450004,0.06808510638297872,0.02127659574468085,0.9744680851063829,0.18000180001800017,0.09000090000900009,0.01702127659574468,0.4500045000450004,0.2876829059829059,0.1253688956639567,0.0,0.0,0.9872340425531915,0.9574468085106383,0.28085106382978725,0.8978723404255319,0.19574468085106383,0.16595744680851063,0.1276595744680851,0.5400054000540006,1.2600126001260012,0.9744680851063829,0.3446808510638298,0.0,0.0,0.0,0.0,0.0,0.0,0.0,0.0,0.0,0.0,0.0,0.0425531914893617,0.18000180001800017,0.01702127659574468,0.09000090000900009,0.0,0.0,0.0,0.0,0.0,0.0,0.01702127659574468,0.09000090000900009,1.4355205042826666,0.2700027000270003,0.0,0.4195168961201502,0.1091278732687737,0.4888235294117647,0.0,1.7106511453068969,0.017425842131724486,2.2896750378121067,4.2893617021276595,0.6928661251024841,0.8944252458540369,0.0,0.023149572649572642,0.289,1.041,0.22399999999999998,0.4459809303975381,0.0,0.0,11.158482905982906,0.0,0.0,1.0,0.0
trial_lie_021.mp4,S003,1,0.0,0.8377358490566038,0.0,0.27547169811320754,0.0,0.16558118997681864,0.3863561099459102,0.018867924528301886,0.03018867924528302,0.9320754716981132,0.05519372999227288,0.11038745998454576,0.033962264150943396,0.11038745998454576,0.41912878787878816,0.11650000000000027,0.0,0.0,1.0,0.9245283018867925,0.2641509433962264,0.8377358490566038,0.19622641509433963,0.19245283018867926,0.13584905660377358,0.16558118997681864,0.3311623799536373,0.9811320754716981,0.1471698113207547,0.0,0.0,0.0,0.0,0.0,0.0,0.0,0.0,0.0,0.0,0.0,0.0,0.0,0.0,0.0,0.0,0.0,0.0,0.0,0.0,0.0,0.026415094339622643,0.05519372999227288,0.0,0.0,0.0,0.4202574916759157,0.08979891082584616,0.5252941176470589,0.0,1.535473204948079,0.017649286987522283,2.220041335460667,4.2679245283018865,0.0,0.9455102104496771,0.0,0.027723484848484824,0.651,1.206,0.203,0.3599929871496012,0.0,0.0,18.186628787878785,0.0,0.0,1.0,0.0
trial_lie_022.mp4,S003,1,0.0,0.8298319327731093,0.0,0.18487394957983194,0.0,0.04818348270212971,0.3372843789149079,0.04831932773109244,0.058823529411764705,1.0,0.12045870675532426,0.16864218945745396,0.0,0.28910089621277824,0.24846859649122857,0.12170281997098072,0.0,0.0,1.0,1.0,0.27521008403361347,0.8298319327731093,0.08823529411764706,0.09663865546218488,0.1638655462184874,0.12045870675532426,0.07227522405319456,1.0,0.18067226890756302,0.0,0.0,0.0,0.0,0.0,0.0,0.0,0.0,0.0,0.0,0.0,0.0,0.0,0.0,0.0,0.0,0.0,0.0,0.0,0.0,0.0,0.014705882352941176,0.024091741351064854,0.0,0.0,0.0,0.4530004943153732,0.07240455039219398,0.45705882352941174,0.0,1.5101918334388162,0.018843343653250775,1.7245204682021809,4.567226890756302,0.9054219175382995,0.9337879410819192,0.0,0.021364210526315767,0.348,0.27499999999999997,0.309,0.3365757982869355,0.0,0.0,41.595385263157894,0.0,0.0,1.0,0.0
trial_lie_023.mp4,S003,1,0.0,0.9826732673267327,0.0,0.17574257425742573,0.0,0.09454253232172824,0.28362759696518475,0.007425742574257425,0.06683168316831684,0.995049504950495,0.02363563308043206,0.14181379848259237,0.0,0.28362759696518475,0.1914017783291977,0.10773304842165293,0.0,0.0,1.0,0.9900990099009901,0.2524752475247525,0.9826732673267327,0.06188118811881188,0.04207920792079208,0.12871287128712872,0.21272069772388855,0.37817012928691296,1.0,0.16584158415841585,0.0,0.0,0.0,0.0,0.0,0.0,0.0,0.0,0.0,0.0,0.0,0.012376237623762377,0.02363563308043206,0.0,0.0,0.0,0.0,0.0,0.0,0.0,0.0,0.027227722772277228,0.04727126616086412,0.8960382325345574,0.04727126616086412,0.0,0.4095165987186954,0.08359107111055834,0.7029411764705883,0.0,2.071308700969935,0.021934024230039408,2.1118725732908374,4.056930693069307,0.8523524105981558,0.9481009652165365,0.0,0.02892555831265508,0.5339999999999999,1.095,0.275,0.05603035371420077,0.0,0.0,42.41398511166253,0.0,0.0,1.0,0.0
trial_lie_024.mp4,S003,1,0.0,0.9596774193548387,0.0,0.16532258064516128,0.0,0.1221597849987784,0.4886391399951136,0.020161290322580645,0.04838709677419355,0.9919354838709677,0.08143985666585227,0.2443195699975568,0.14516129032258066,0.3664793549963352,0.25875843454790826,0.15063864046120465,0.0,0.0,1.0,1.0,0.18951612903225806,0.9596774193548387,0.04838709677419355,0.04435483870967742,0.14919354838709678,0.40719928332926136,0.2443195699975568,1.0,0.08870967741935484,0.0,0.0,0.0,0.0,0.0,0.0,0.0,0.0,0.0,0.0,0.0,0.0,0.0,0.0,0.0,0.0,0.0,0.0,0.0,0.0,0.0,0.028225806451612902,0.040719928332926134,0.0,0.0,0.0,0.3853296963946869,0.1000098924447719,0.6635294117647059,0.004032258064516129,1.8807423594226094,0.029145034532031433,2.5026724443168,4.310483870967742,0.5339193091653952,0.956380369469298,0.0,0.0341255060728745,0.34700000000000003,0.23900000000000005,0.38,1.837031660941924,1.2306041400190666,1.4927884615384615,11.894925101214575,6.2895,0.5287549056830789,1.0,0.0
trial_lie_025.mp4,S003,1,0.0,0.9506849315068493,0.0,0.18904109589041096,0.0,0.06913477825019876,0.6913477825019876,0.030136986301369864,0.00821917808219178,0.958904109589041,0.06913477825019876,0.03456738912509938,0.13424657534246576,0.44937605862629193,0.26424450549450584,0.15749879308263015,0.0,0.0,0.9945205479452055,0.9698630136986301,0.21095890410958903,0.9506849315068493,0.01643835616438356,0.03561643835616438,0.17534246575342466,0.41480866950119255,0.7950499498772857,0.989041095890411,0.09315068493150686,0.0,0.0,0.0,0.0,0.0,0.0,0.0,0.0,0.0,0.0,0.0,0.0,0.0,0.0136986301369863,0.03456738912509938,0.0,0.0,0.0,0.0,0.0,0.0,0.0273972602739726,0.03456738912509938,0.9182958340544896,0.03456738912509938,0.0,0.34322643029814665,0.07944253540068459,0.45117647058823535,0.0,1.7069849557688337,0.021158694246929538,2.5365135536149928,3.695890410958904,0.8824913966995515,0.9302093933363123,0.0,0.026239010989010957,0.197,1.424,0.28,-0.19243868863526012,0.0,0.0,29.008475274725278,0.0,0.0,1.0,0.0
trial_lie_026.mp4,S003,1,0.0,0.8650306748466258,0.0,0.22392638036809817,0.0,0.10614960016983936,0.42459840067935745,0.0,0.027607361963190184,1.0,0.0,0.10614960016983936,0.19631901840490798,0.28306560045290496,0.26633499999999993,0.1607007603435652,0.0,0.0,1.0,0.99079754601227,0.1901840490797546,0.8650306748466258,0.049079754601226995,0.10736196319018405,0.18711656441717792,0.5661312009058099,0.28306560045290496,0.99079754601227,0.006134969325153374,0.0,0.0,0.0,0.0,0.0,0.0,0.0,0.0,0.0,0.0,0.0,0.0,0.0,0.0,0.0,0.0,0.0,0.0,0.0,0.0,0.0,0.0,0.0,0.0,0.0,0.0,0.3930809049079754,0.0907781877585364,0.46062500000000006,0.0,1.6377035667777071,0.01993653846153846,2.3277545909309163,3.8834355828220857,0.7348558797567457,0.9356646394729152,0.0,0.0202,0.261,0.586,0.179,-0.3377989880404782,0.0,0.0,28.34896,0.0,0.0,1.0,0.0
trial_lie_027.mp4,S003,1,0.0,1.0,0.0,0.226890756302521,0.0,0.037137445686485686,0.594199130983771,0.15546218487394958,0.15966386554621848,1.0,0.2228246741189141,0.2599621198053998,0.0,0.2599621198053998,0.26183127819548896,0.1549990125050832,0.0,0.0,1.0,0.9852941176470589,0.3445378151260504,1.0,0.12184873949579832,0.14285714285714285,0.15756302521008403,0.5570616852972853,0.817023805102685,1.0,0.09243697478991597,0.0,0.0,0.0,0.0,0.0,0.0,0.0,0.0,0.0,0.0,0.0,0.0,0.0,0.0,0.0,0.0,0.0,0.0,0.0,0.0,0.0,0.18067226890756302,0.2228246741189141,0.0,0.0,0.0,0.5235850222441918,0.12195502601038716,0.6599999999999999,0.0,1.7346472025207407,0.020854489164086682,1.2970918187004798,5.544117647058823,0.6282036536664731,0.9226843483783211,0.0,0.0184021052631579,0.245,0.314,0.201,0.3943122909653331,0.0,0.0,26.98368842105263,0.0,0.0,1.0,0.0
trial_lie_028.mp4,S003,1,0.0,1.0,0.0,0.16087751371115175,0.0,0.04162504162504163,0.5411255411255412,0.003656307129798903,0.04570383912248629,1.0,0.04162504162504163,0.16650016650016652,0.0,0.4162504162504163,0.18739999999999968,0.12313910832875143,0.0,0.0,1.0,1.0,0.2742230347349177,1.0,0.03656307129798903,0.0018281535648994515,0.12431444241316271,0.6660006660006661,0.7492507492507493,1.0,0.36745886654478976,0.0,0.0,0.0,0.0,0.0,0.0,0.0,0.0,0.0,0.0,0.0,0.0,0.0,0.0,0.0,0.0,0.0,0.0,0.0,0.0,0.0,0.09506398537477148,0.1248751248751249,0.0,0.0,0.0,0.500435530702226,0.08116094280027819,0.5188235294117647,0.0,1.6373972558584307,0.017591036414565824,1.1849020198431186,4.824497257769653,0.6491644552720703,0.9488037648983635,0.0,0.016725274725274717,0.281,0.319,0.276,0.37433155080213926,0.0,0.0,24.067999999999998,0.0,0.0,1.0,0.0
trial_lie_029.mp4,S003,1,0.0,0.4070175438596491,0.0,0.014035087719298246,0.0,0.5597109856001629,0.05088281687274208,0.0456140350877193,0.0,1.0,0.2544140843637104,0.0,0.02280701754385965,0.3561797181091946,0.3445395430579966,0.09402127418834542,0.0,0.0,1.0,0.8894736842105263,0.32456140350877194,0.4070175438596491,0.0,0.12105263157894737,0.014035087719298246,0.7123594362183892,0.2035312674909683,0.8982456140350877,0.3649122807017544,0.0,0.0,0.0,0.0,0.0,0.0,0.0,0.0,0.0,0.0,0.0,0.0,0.0,0.010526315789473684,0.10176563374548415,0.0,0.0,0.0,0.0,0.0,0.0,0.005263157894736842,0.05088281687274208,0.9182958340544896,0.05088281687274208,0.0,0.4558204334365325,0.07446092994417022,0.3858823529411765,0.0,1.4492290973307071,0.014746200765016024,1.7033390797569545,4.812280701754386,1.0489976329277146,0.9044372241699683,0.0,0.01308963093145868,0.244,0.5509999999999999,0.237,-0.085153890589971,0.0,0.0,19.687539543057994,0.0,0.0,1.0,0.0
trial_lie_030.mp4,S003,1,0.0,0.8934081346423562,0.0,0.2482468443197756,0.0,0.07963685593692761,0.4512755169759231,0.16830294530154277,0.05329593267882188,0.9761570827489481,0.1327280932282127,0.1327280932282127,0.0785413744740533,0.39818427968463804,0.23524204119850198,0.14471658125069425,0.0,0.0,0.9789621318373072,0.908835904628331,0.4277699859747546,0.8934081346423562,0.15287517531556802,0.22580645161290322,0.11781206171107994,0.9025510339518462,0.15927371187385522,0.9719495091164095,0.48106591865357645,0.0,0.0,0.0,0.0,0.0,0.0,0.0,0.0,0.0,0.0,0.0,0.005610098176718092,0.026545618645642536,0.056100981767180924,0.10618247458257014,0.004207573632538569,0.05309123729128507,0.0,0.0,0.0,0.0,0.10659186535764376,0.15927371187385522,1.247599852336228,0.1327280932282127,0.004207573632538569,0.5127679234386602,0.13073290087858097,0.6805882352941177,0.0,1.775829168852148,0.021796926635822868,1.5883255618680725,5.5273492286115005,0.6305537143824401,0.8851983484494698,0.0,0.025686797752808962,0.315,1.429,0.384,0.4113633985887104,0.0,0.0,37.72390870786517,0.0,0.0,1.0,0.0
trial_lie_031.mp4,S003,1,0.0,0.8942917547568711,0.0,0.4587737843551797,0.0,0.15448190630672382,0.5020661954968524,0.0507399577167019,0.05496828752642706,1.0,0.11586142973004286,0.2703433360367667,0.02748414376321353,0.23172285946008572,0.34419138418079115,0.12536435786228242,0.0,0.0,0.9978858350951374,0.9767441860465116,0.30655391120507397,0.8942917547568711,0.3361522198731501,0.26004228329809725,0.15010570824524314,0.07724095315336191,0.30896381261344763,0.9746300211416491,0.4904862579281184,0.0,0.0,0.0,0.0,0.0,0.0,0.0,0.0,0.0,0.0,0.0,0.023255813953488372,0.07724095315336191,0.0,0.0,0.0,0.0,0.0,0.0,0.0,0.0,0.2769556025369979,0.19310238288340478,0.39318260537498995,0.15448190630672382,0.010570824524312896,0.4717696803880115,0.10249440942982649,0.5658823529411765,0.0,1.7032239356794516,0.017109920239282154,1.7511135019916317,4.883720930232558,0.4715039095167688,0.9195998285608877,0.0,0.014720338983050843,0.267,0.819,0.167,1.1580690670428762,0.0,0.0,25.947858050847458,0.0,0.0,1.0,0.0
trial_lie_032.mp4,S004,1,0.24892703862660945,0.16022889842632332,0.06866952789699571,0.060085836909871244,0.46561604584527216,0.3939828080229226,0.14326647564469913,0.18454935622317598,0.012875536480686695,0.15021459227467812,0.28653295128939826,0.07163323782234957,0.34620886981402005,0.4297994269340974,0.27000000000000035,0.15758595538097034,0.17453505007153075,0.0,0.8183118741058655,0.002861230329041488,0.3061516452074392,0.40915593705293274,0.16738197424892703,0.008583690987124463,0.21030042918454936,0.6446991404011461,0.7521489971346704,0.3290414878397711,0.16165951359084407,0.0,0.0,0.0,0.0,0.0,0.0,0.0,0.0,0.0,0.24892703862660945,0.46561604584527216,0.0,0.0,0.02575107296137339,0.2148997134670487,0.0,0.0,0.0,0.0,0.012875536480686695,0.03581661891117478,0.3562231759656652,0.4297994269340974,1.3011131369913187,0.6088825214899714,0.22031473533619456,0.32247833038794915,0.13802938685999755,0.8270588235294118,0.017167381974248927,2.745282501872386,0.024426091353446824,2.9441835157551677,4.247496423462088,0.615219674618672,0.9435916228994026,0.9312320916905443,0.024862464183381082,0.33499999999999996,0.539,0.33,1.07843137254902,0.2598039215686273,4.150943396226419,9.186666666666666,5.8553527268265855,0.6373751154020232,0.6666666666666666,0.0
trial_lie_033.mp4,S005,1,0.0,0.03070175438596491,0.0,0.5197368421052632,0.0,0.2001779359430605,0.7339857651245552,0.2708333333333333,0.11732456140350878,0.8739035087719298,0.33362989323843417,0.33362989323843417,0.7214912280701754,0.2669039145907473,0.17935236004390842,0.06350852961085943,0.044956140350877194,0.0,0.41228070175438597,0.7697368421052632,0.3607456140350877,0.03070175438596491,0.2850877192982456,0.24342105263157895,0.5197368421052632,0.8229537366548042,0.7784697508896797,0.9221491228070176,0.5383771929824561,0.0,0.0,0.0,0.0,0.0,0.0,0.0,0.0,0.0,0.0,0.0,0.051535087719298246,0.2001779359430605,0.0800438596491228,0.3113879003558719,0.01206140350877193,0.08896797153024912,0.0,0.0,0.017543859649122806,0.04448398576512456,0.0,0.0,1.6556137282914631,0.3781138790035587,0.0043859649122807015,0.3564389834881321,0.14271157346459082,1.1958823529411766,0.0,3.696697386826101,0.03001743397688384,2.807539086510176,4.442982456140351,0.7662264662319922,0.930660491951937,0.13345195729537365,0.056866081229418226,0.702,1.165,0.887,-0.4767636592003349,0.0,0.0,45.009352360043906,0.0,0.0,1.0,0.0
trial_lie_034.mp4,S005,1,0.046511627906976744,0.025991792065663474,0.009575923392612859,0.0013679890560875513,0.20026702269692923,0.03337783711615487,0.03337783711615487,0.009575923392612859,0.0533515731874145,0.023255813953488372,0.03337783711615487,0.10013351134846461,0.16963064295485636,0.30040053404539385,0.316596651445967,0.14166557733785956,0.0027359781121751026,0.0,0.03283173734610123,0.33652530779753764,0.31874145006839943,0.07250341997264022,0.13953488372093023,0.013679890560875513,0.253077975376197,0.6008010680907877,0.30040053404539385,0.9945280437756497,0.08481532147742818,1.0,0.03337783711615487,0.16104109589041096,0.0,0.16104109589041096,1.1,0.0,1.1,1.0,0.046511627906976744,0.20026702269692923,0.0,0.0,0.0027359781121751026,0.03337783711615487,0.0,0.0,0.006839945280437756,0.06675567423230974,0.0,0.0,0.04514363885088919,0.06675567423230974,1.4385292708211481,0.20026702269692923,0.019151846785225718,0.2506493924519192,0.09654204287700022,0.493529411764706,0.006839945280437756,2.3022550259726087,0.020447219983883963,2.767736529042064,3.473324213406293,0.7196811356358328,0.9474016791225474,0.06675567423230974,0.02423013698630135,0.315,0.38000000000000006,0.382,-3.3306690738754696e-16,-0.11466268750490836,2.9047540628531787e-15,14.981041095890411,14.82,0.9892503401559597,0.5,0.5
trial_lie_035.mp4,S006,1,0.16558441558441558,0.032467532467532464,0.07792207792207792,0.05519480519480519,0.17191977077363899,0.14326647564469916,0.08595988538681949,0.06818181818181818,0.10714285714285714,0.19155844155844157,0.11461318051575932,0.25787965616045844,0.25,0.02865329512893983,0.5136807817589598,0.0,0.0,0.0,1.0,0.6266233766233766,0.474025974025974,0.19805194805194806,0.262987012987013,0.17532467532467533,0.5941558441558441,0.5730659025787966,0.17191977077363899,0.7532467532467533,0.775974025974026,0.0,0.0,0.0,0.0,0.0,0.0,0.0,0.0,0.0,0.16558441558441558,0.17191977077363899,0.01948051948051948,0.05730659025787966,0.0,0.0,0.0,0.0,0.0,0.0,0.0,0.0,0.19805194805194806,0.08595988538681949,1.233673176173627,0.2865329512893983,0.16558441558441558,0.4055233002291826,0.13440266331983738,0.6864705882352942,0.0,2.05254036132095,0.05615060356390113,2.5369592076562295,5.048701298701299,0.0,0.8714353217282746,0.0,0.0716384364820847,0.384,1.1280000000000001,0.482,0.3596241361874264,0.35186246418338113,1.022058823529412,17.313680781758958,11.0,0.6353357289334562,1.0,0.0
trial_lie_036.mp4,S007,1,0.13777777777777778,0.07111111111111111,0.03777777777777778,0.38666666666666666,0.1587133636652206,0.0793566818326103,0.26452227277536766,0.26222222222222225,0.024444444444444446,1.0,0.18516559094275736,0.10580890911014706,0.0,0.0793566818326103,0.18419599109131368,0.04737791327893914,0.0,0.0,1.0,1.0,0.42,0.2088888888888889,0.2866666666666667,0.011111111111111112,0.28888888888888886,0.42323563644058826,0.42323563644058826,1.0,0.7177777777777777,0.0,0.0,0.0,0.0,0.0,0.0,0.0,0.0,0.0,0.13777777777777778,0.1587133636652206,0.08,0.21161781822029413,0.0,0.0,0.0,0.0,0.0,0.0,0.0,0.0,0.1111111111111111,0.18516559094275736,1.5508703873543164,0.1587133636652206,0.08444444444444445,0.3193124183006536,0.15533109869747258,0.6005882352941176,0.0022222222222222222,2.168261869867444,0.020753308004716364,2.8021410390833155,4.153333333333333,0.3779477847513648,0.9451884656140578,0.0,0.031674832962138105,0.472,0.386,0.648,0.1327435005321565,0.0,0.0,37.888195991091315,0.0,0.0,1.0,0.0
trial_lie_037.mp4,S008,1,0.0,0.24926686217008798,0.0,0.25806451612903225,0.0,0.42367985209721526,0.539228902669183,0.007331378299120235,0.01466275659824047,0.6129032258064516,0.03851635019065593,0.07703270038131187,0.8944281524926686,0.11554905057196779,0.24812481644640214,0.04650448007092087,0.0,0.0,1.0,0.10117302052785923,0.3885630498533724,0.24926686217008798,0.20234604105571846,0.0,0.2932551319648094,0.15406540076262373,0.23109810114393559,0.3064516129032258,0.7859237536656891,0.0,0.0,0.0,0.0,0.0,0.0,0.0,0.0,0.0,0.0,0.0,0.0,0.0,0.007331378299120235,0.03851635019065593,0.0,0.0,0.004398826979472141,0.03851635019065593,0.0,0.0,0.22580645161290322,0.38516350190655935,0.3309015137265069,0.15406540076262373,0.004398826979472141,0.2247076073831292,0.07100850964183379,0.40764705882352936,0.004398826979472141,2.162287065398463,0.00983588148915954,2.4244064497210718,2.838709677419355,0.2584324989741485,0.9712775224150483,0.0,0.010459618208516895,0.144,0.229,0.23099999999999998,-0.20057955778698602,0.0,0.0,26.001124816446403,0.0,0.0,1.0,0.0
trial_lie_038.mp4,S008,1,0.0,0.30390492359932086,0.0,0.12054329371816638,0.0,0.3919348517179811,0.43548316857553454,0.0,0.0,0.4244482173174873,0.0,0.0,0.9066213921901528,0.3048382180028742,0.28748129251700655,0.11819216452498887,0.0,0.0,1.0,0.7640067911714771,0.37521222410865873,0.30390492359932086,0.2461799660441426,0.0050933786078098476,0.34974533106960953,0.17419326743021382,0.43548316857553454,0.9524617996604414,0.6893039049235993,0.0,0.0,0.0,0.0,0.0,0.0,0.0,0.0,0.0,0.0,0.0,0.0,0.0,0.0,0.0,0.0,0.0,0.0,0.0,0.0,0.0,0.30390492359932086,0.3919348517179811,0.0,0.0,0.0,0.2864165959252971,0.06292970466010087,0.31937499999999996,0.0,1.6366020917386328,0.010660076530612246,2.3669260559086225,3.463497453310696,0.7173804325054698,0.9467043608070114,0.0,0.010707482993197273,0.141,0.35700000000000004,0.44499999999999995,-0.3840961546836204,0.0,0.0,23.002052721088436,0.0,0.0,1.0,0.0
trial_lie_039.mp4,S008,1,0.0,0.1037037037037037,0.0,0.03950617283950617,0.0,0.36711944731835927,0.13349798084303974,0.03950617283950617,0.027160493827160494,0.291358024691358,0.033374495210759934,0.10012348563227981,0.9629629629629629,0.20024697126455962,0.3210370828182942,0.1183849652616411,0.0,0.0,0.8629629629629629,1.0,0.3037037037037037,0.1037037037037037,0.12962962962962962,0.050617283950617285,0.16666666666666666,0.2669959616860795,0.0,1.0,0.9098765432098765,0.0,0.0,0.0,0.0,0.0,0.0,0.0,0.0,0.0,0.0,0.0,0.0,0.0,0.009876543209876543,0.06674899042151987,0.0,0.0,0.0,0.0,0.0,0.0,0.1037037037037037,0.36711944731835927,0.4262286569981449,0.13349798084303974,0.0024691358024691358,0.26054979423868313,0.061528010533451964,0.36866666666666664,0.0,1.86784513911703,0.010378244746600741,2.335245685455292,3.3580246913580245,0.8312528519280148,0.9815344045042481,0.0,0.009200247218788617,0.14200000000000002,0.14800000000000002,0.257,0.41399948825774024,0.0,0.0,30.000037082818295,0.0,0.0,1.0,0.0
trial_lie_040.mp4,S008,1,0.0,0.0,0.0,0.03453689167974882,0.0,0.0,0.12519300588407128,0.004709576138147566,0.05337519623233909,0.19623233908948196,0.04173100196135709,0.16692400784542835,0.9529042386185244,0.08346200392271418,0.22317767295597507,0.11150000000000038,0.0,0.0,0.8869701726844584,0.6373626373626373,0.33437990580847726,0.0,0.1836734693877551,0.0,0.22448979591836735,0.08346200392271418,0.5842340274589992,0.9058084772370487,0.5886970172684458,0.0,0.0,0.0,0.0,0.0,0.0,0.0,0.0,0.0,0.0,0.0,0.0,0.0,0.0,0.0,0.0,0.0,0.0,0.0,0.0,0.0,0.0,0.0,0.0,0.0,0.0,0.24103296703296706,0.06232429097579793,0.3106666666666667,0.004709576138147566,1.6650557733807483,0.010598532494758912,2.33928253393036,2.758241758241758,0.0,0.957587587522637,0.0,0.01046383647798742,0.13199999999999998,0.31200000000000006,0.245,0.7254517380962313,0.0,0.0,24.000677672955977,0.0,0.0,1.0,0.0
trial_lie_041.mp4,S009,1,0.0,0.0,0.0,0.2975609756097561,0.0,0.0,0.8948736523628926,0.13008130081300814,0.03577235772357724,0.9382113821138212,0.2556781863893979,0.2556781863893979,0.0,0.21306515532449824,0.3180198697068402,0.10452444690119184,0.0,0.0,0.46991869918699186,1.0,0.4113821138211382,0.0,0.23089430894308943,0.03739837398373984,0.21300813008130082,1.0227127455575915,0.1704521242595986,1.0,0.9495934959349593,0.0,0.0,0.0,0.0,0.0,0.0,0.0,0.0,0.0,0.0,0.0,0.055284552845528454,0.21306515532449824,0.0,0.0,0.0,0.0,0.0,0.0,0.0,0.0,0.0,0.0,0.0,0.0,0.0,0.29225251076040176,0.08959416905265805,0.5070588235294118,0.0032520325203252032,2.0610702012763866,0.020468480551829853,2.7988563829331268,3.8650406504065042,1.114234620310537,0.9637882974904916,0.0,0.030526058631921798,0.403,0.44899999999999995,0.495,2.5548768107404882,0.0,0.0,23.50521986970684,0.0,0.0,1.0,0.0
trial_lie_042.mp4,S009,1,0.021487603305785124,0.08264462809917356,0.0,0.0859504132231405,0.04566210045662101,0.27397260273972607,0.31963470319634707,0.07768595041322314,0.026446280991735537,0.4231404958677686,0.18264840182648404,0.13698630136986303,0.3669421487603306,0.36529680365296807,0.29450827814569536,0.14332894857634296,0.0,0.0,1.0,0.024793388429752067,0.315702479338843,0.10413223140495868,0.10578512396694215,0.05950413223140496,0.23471074380165288,0.4109589041095891,0.5022831050228311,0.49421487603305786,0.026446280991735537,0.0,0.0,0.0,0.0,0.0,0.0,0.0,0.0,0.0,0.021487603305785124,0.04566210045662101,0.0,0.0,0.024793388429752067,0.04566210045662101,0.0,0.0,0.0,0.0,0.0,0.0,0.10413223140495868,0.22831050228310504,1.1970505693145566,0.18264840182648404,0.021487603305785124,0.13885561497326201,0.06640067653381006,0.4935294117647059,0.2975206611570248,3.8084418085188325,0.011904947409427347,2.3238305879395718,1.7983471074380166,0.8988494910817383,0.9650685381179938,0.0,0.01801655629139071,0.28900000000000003,0.369,0.44899999999999995,-0.32446951383292927,0.0,0.0,21.936258278145694,0.0,0.0,1.0,0.0
trial_lie_043.mp4,S009,1,0.0,0.0,0.0,0.46875,0.0,0.0,0.37405550983765995,0.06875,0.109375,0.884375,0.14962220393506398,0.22443330590259597,0.146875,0.14962220393506398,0.34190282131661426,0.13300000000000003,0.0,0.0,1.0,0.375,0.315625,0.0,0.365625,0.171875,0.209375,0.8229221216428518,0.07481110196753199,0.453125,0.746875,0.0,0.0,0.0,0.0,0.0,0.0,0.0,0.0,0.0,0.0,0.0,0.040625,0.14962220393506398,0.0,0.0,0.0,0.0,0.0,0.0,0.0,0.0,0.0,0.0,0.0,0.0,0.0,0.21922610294117648,0.13106252932750448,0.5170588235294117,0.16875,2.6000553417352146,0.01695187165775401,2.8875139611235103,2.84375,0.0,0.874199710495873,0.0,0.021307210031347962,0.254,0.994,0.23800000000000004,1.6705319069349895,0.0,0.0,13.408902821316614,0.0,0.0,1.0,0.0
trial_lie_044.mp4,S010,1,0.43575418994413406,0.0,0.03910614525139665,0.0,0.6349206349206349,0.0,0.0,0.19553072625698323,0.03910614525139665,0.00558659217877095,0.12698412698412698,0.25396825396825395,0.0,0.12698412698412698,0.24424157303370758,0.0,0.00558659217877095,0.0,0.994413407821229,0.9441340782122905,0.07262569832402235,0.43575418994413406,0.03910614525139665,0.0335195530726257,0.027932960893854747,0.0,0.25396825396825395,0.9888268156424581,0.0223463687150838,0.0,0.0,0.0,0.0,0.0,0.0,0.0,0.0,0.0,0.43575418994413406,0.6349206349206349,0.0,0.0,0.0,0.0,0.0,0.0,0.0,0.0,0.0,0.0,0.43575418994413406,0.6349206349206349,1.0,0.0,0.43575418994413406,0.41294774893197506,0.12149322553138338,0.6841176470588235,0.0,2.366059207385007,0.01995703899537343,2.001464439294804,4.435754189944134,0.0,0.9727161464912641,0.12698412698412698,0.01915168539325841,0.12199999999999998,0.35,0.25,7.219719887955181,0.0,0.0,7.919241573033708,0.0,0.0,1.0,0.0
trial_lie_045.mp4,S011,1,0.0,0.0,0.0,0.06976744186046512,0.0,0.0,0.07239032865209206,0.09302325581395349,0.046511627906976744,0.13953488372093023,0.07239032865209206,0.07239032865209206,0.0,0.0,0.0,0.0,0.0,0.0,1.0,1.0,0.18604651162790697,0.0,0.5813953488372093,0.2558139534883721,0.23255813953488372,0.14478065730418413,0.36195164326046037,1.0,0.9767441860465116,2.0,0.14478065730418413,0.362404761904762,0.033500000000000085,0.362404761904762,1.28,0.25,1.53,2.0,0.0,0.0,0.0,0.0,0.0,0.0,0.0,0.0,0.0,0.0,0.0,0.0,0.0,0.0,0.0,0.0,0.0,0.28392612859097127,0.08225201172329887,0.4876470588235295,0.023255813953488372,1.7175138520838356,0.06142857142857143,2.4502845034638363,3.883720930232558,0.0,0.8369239505880999,0.0,0.25680952380952377,1.7639999999999998,0.626,1.68,0.2736354423049081,0.3994242839744846,0.6850746268656717,3.2652380952380953,4.105317391979442,1.2572796446196337,0.3333333333333333,0.6666666666666666
trial_lie_046.mp4,S012,1,0.007223942208462332,0.011351909184726523,0.0,0.05263157894736842,0.030303030303030304,0.06060606060606061,0.18181818181818182,0.11248710010319918,0.010319917440660475,0.07533539731682147,0.2727272727272727,0.09090909090909091,0.7574819401444789,0.18181818181818182,0.23409090909090888,0.13879121009631717,0.009287925696594427,0.0,0.9896800825593395,0.0030959752321981426,0.3106295149638803,0.018575851393188854,0.11145510835913312,0.1651186790505676,0.25593395252837975,0.7878787878787878,0.7575757575757576,0.30856553147574817,0.35500515995872034,0.0,0.0,0.0,0.0,0.0,0.0,0.0,0.0,0.0,0.007223942208462332,0.030303030303030304,0.0,0.0,0.017543859649122806,0.09090909090909091,0.0,0.0,0.0,0.0,0.0,0.0,0.018575851393188854,0.09090909090909091,1.482864975597317,0.09090909090909091,0.007223942208462332,0.16219692830692647,0.0699628114787507,0.38823529411764707,0.19711042311661506,2.683738355533765,0.013920150704910064,2.4156859908929764,2.1475748194014446,1.1954051581937803,0.9359684372247783,0.06060606060606061,0.017869834710743788,0.273,0.665,0.426,0.7247058823529414,0.21856209150326786,3.3157894736842133,10.978424242424241,5.052928545792913,0.460259909274296,0.6666666666666666,0.0
trial_lie_047.mp4,S012,1,0.20876826722338204,0.018789144050104383,0.0,0.014613778705636743,0.06256647688168679,0.06256647688168679,0.18769943064506037,0.031315240083507306,0.12943632567849686,0.08350730688935282,0.06256647688168679,0.12513295376337358,0.5594989561586639,0.18769943064506037,0.23377057182705716,0.04761185659989418,0.0709812108559499,0.0,0.8663883089770354,0.13987473903966596,0.5135699373695198,0.22755741127348644,0.2588726513569937,0.348643006263048,0.2839248434237996,0.5630982919351811,0.12513295376337358,0.5720250521920668,0.4342379958246347,0.0,0.0,0.0,0.0,0.0,0.0,0.0,0.0,0.0,0.20876826722338204,0.06256647688168679,0.0,0.0,0.0,0.0,0.0,0.0,0.0,0.0,0.0,0.0,0.22755741127348644,0.06256647688168679,0.9986619532380241,0.06256647688168679,0.20876826722338204,0.19589463342748373,0.09149189315303298,0.5205882352941177,0.18580375782881003,2.843665565425629,0.013245139059808023,2.790355084574349,2.478079331941545,0.15695315381777947,0.928694953071352,0.37539886129012073,0.018102510460251037,0.245,0.8340000000000001,0.405,-0.4398055286683283,-0.06157277401356633,7.1428571428571,7.957937238493724,4.0205,0.505218862565571,0.5,0.0
trial_lie_048.mp4,S012,1,0.0037257824143070045,0.01639344262295082,0.0029806259314456036,0.14008941877794337,0.04247998130880823,0.04247998130880823,0.36107984112486996,0.0007451564828614009,0.19895678092399405,0.28837555886736216,0.021239990654404114,0.1486799345808288,0.47168405365126675,0.08495996261761646,0.2101088739746471,0.11166691542260908,0.28614008941877794,0.0,0.4195230998509687,0.5506706408345753,0.3479880774962742,0.020119225037257823,0.30700447093889716,0.14307004470938897,0.1587183308494784,0.1486799345808288,0.19115991588963702,0.6676602086438153,0.6326378539493294,0.0,0.0,0.0,0.0,0.0,0.0,0.0,0.0,0.0,0.0037257824143070045,0.04247998130880823,0.05141579731743666,0.16991992523523292,0.0,0.0,0.0,0.0,0.0,0.0,0.0,0.0,0.014157973174366617,0.04247998130880823,1.014336760059014,0.10619995327202057,0.0,0.24861357061453493,0.17108773226475354,1.2547058823529411,0.14456035767511177,5.219534298212054,0.010750537351405886,3.0507964211141605,3.143070044709389,0.41912201758021544,0.8121368356748765,0.552239757014507,0.04376137211036554,6.144,1.8359999999999999,3.4099999999999997,0.10890492855241905,0.41048780762065906,0.2653061224489779,23.425608873974646,7.941499999999999,0.3390093313144503,1.0,0.0
trial_lie_049.mp4,S012,1,0.0,0.0,0.0,0.04054054054054054,0.0,0.0,0.17398869073510223,0.0,0.15615615615615616,0.057057057057057055,0.0,0.2174858634188778,0.4114114114114114,0.3044802087864289,0.22985714285714323,0.09345390656928805,0.14114114114114115,0.0,0.22972972972972974,0.6981981981981982,0.3063063063063063,0.0,0.4039039039039039,0.09759759759759759,0.2927927927927928,0.6089604175728578,0.3044802087864289,0.7507507507507507,0.6771771771771772,0.0,0.0,0.0,0.0,0.0,0.0,0.0,0.0,0.0,0.0,0.0,0.0,0.0,0.0,0.0,0.0,0.0,0.0,0.0,0.0,0.0,0.0,0.0,0.0,0.0,0.0,0.1824004004004004,0.11165796287702467,0.6420000000000001,0.24474474474474475,3.643997848730642,0.012166416040100252,2.938983890991808,2.0945945945945947,0.49653395186926125,0.8725916196292381,0.08699434536755112,0.021293233082706756,0.41300000000000003,1.0110000000000001,0.712,0.2913988368533822,0.34067952249770417,0.8553459119496856,2.270349206349206,2.768751534848947,1.2195267261555713,0.2222222222222222,0.0
trial_lie_050.mp4,S007,1,0.0,0.06358381502890173,0.0,0.2543352601156069,0.0,0.04155067104333735,0.0831013420866747,0.1907514450867052,0.028901734104046242,0.3352601156069364,0.12465201313001205,0.0831013420866747,0.2254335260115607,0.0,0.0,0.0,0.05202312138728324,0.04046242774566474,0.884393063583815,0.8208092485549133,0.2947976878612717,0.06358381502890173,0.6242774566473989,0.44508670520231214,0.8323699421965318,1.1634187892134458,0.8725640919100843,0.8728323699421965,0.8208092485549133,0.0,0.0,0.0,0.0,0.0,0.0,0.0,0.0,0.0,0.0,0.0,0.0,0.0,0.0,0.0,0.0,0.0,0.0,0.0,0.046242774566473986,0.04155067104333735,0.0,0.0,0.0,0.0,0.0,0.6255559333560013,0.38148422414228816,1.6235294117647059,0.023121387283236993,2.5953385224159673,0.05727770177838577,1.8585902162680719,5.219653179190751,0.0,0.7698324146668641,0.0831013420866747,1.024087209302325,6.227,2.5300000000000002,6.0809999999999995,3.057673146127192,0.41899370792485363,7.297658862876252,6.606591085271318,6.172623555309003,0.934312942278235,0.3333333333333333,0.0
trial_lie_051.mp4,S007,1,0.0,0.0,0.0,0.10569105691056911,0.0,0.0,0.6153846153846154,0.14634146341463414,0.024390243902439025,0.6829268292682927,0.3076923076923077,0.3076923076923077,0.06504065040650407,0.9230769230769231,0.22561202185792353,0.15819994381232327,0.0,0.0,0.991869918699187,1.0,0.3089430894308943,0.0,0.25203252032520324,0.18699186991869918,0.36585365853658536,1.6923076923076923,0.9230769230769231,1.0,0.8861788617886179,0.0,0.0,0.0,0.0,0.0,0.0,0.0,0.0,0.0,0.0,0.0,0.0,0.0,0.0,0.0,0.0,0.0,0.0,0.0,0.0,0.0,0.0,0.0,0.0,0.0,0.0,0.32715447154471544,0.11523518570146762,0.4411764705882353,0.0,1.7530844345690562,0.03885245901639344,2.840863399228432,4.32520325203252,1.036802227922647,0.8733911355434092,0.0,0.1683524590163934,2.36,0.852,2.078,-1.137194570135747,-1.3580090497737554,0.8373983739837404,5.68627868852459,0.0,0.0,1.0,0.0
trial_lie_052.mp4,S013,1,0.01751459549624687,0.0658882402001668,0.01751459549624687,0.005838198498748957,0.04169533220755937,0.04169533220755937,0.04169533220755937,0.1793160967472894,0.03502919099249374,0.014178482068390326,0.12508599662267808,0.10423833051889841,0.043369474562135114,0.18762899493401713,0.2805947876089773,0.13939002922344726,0.0,0.0016680567139282735,0.9983319432860718,0.8340283569641368,0.3386155129274395,0.08340283569641367,0.02585487906588824,0.04920767306088407,0.1701417848206839,0.37525798986803427,0.43780098817937335,0.9966638865721434,0.4854045037531276,6.0,0.12508599662267808,0.2788725653867564,0.10438297541053342,0.290039232053421,1.23,0.3658323842052988,1.78,1.8333333333333333,0.01751459549624687,0.04169533220755937,0.0,0.0,0.0,0.0,0.0,0.0,0.0,0.0,0.0,0.0,0.08340283569641367,0.08339066441511873,0.6657699740033016,0.04169533220755937,0.01751459549624687,0.22104695089044793,0.11798589026829857,0.6294117647058823,0.11592994161801501,3.0576416015625,0.015176274182460963,2.9301686497545134,2.920767306088407,1.2582686082588987,0.9411135023864204,0.0,0.020995826377295586,0.96,0.9970000000000001,0.853,-0.16160620230329914,0.3379038775432619,0.4782608695652173,2.0695947876089784,3.2798073829320837,1.584758235075222,0.1111111111111111,0.3888888888888889
trial_lie_053.mp4,S014,1,0.10606060606060606,0.13636363636363635,0.10606060606060606,0.10606060606060606,0.06349206349206349,0.06349206349206349,0.031746031746031744,0.30303030303030304,0.0,0.3787878787878788,0.06349206349206349,0.0,0.7121212121212122,0.0,0.0,0.0,0.0,0.0,0.9393939393939394,0.5,0.3787878787878788,0.24242424242424243,0.3484848484848485,0.16666666666666666,0.0,0.031746031746031744,0.06349206349206349,0.5,0.4393939393939394,0.0,0.0,0.0,0.0,0.0,0.0,0.0,0.0,0.0,0.10606060606060606,0.06349206349206349,0.0,0.0,0.19696969696969696,0.031746031746031744,0.0,0.0,0.0,0.0,0.0,0.0,0.0,0.0,0.934068055375491,0.031746031746031744,0.045454545454545456,0.29553030303030303,0.34151378767020163,1.163125,0.5757575757575758,3.93572160984363,0.06218269230769231,1.6539312542980549,2.257575757575758,0.0,0.6001071925762285,0.0,0.1437538461538461,2.28,1.216,2.037,0.4952380952380952,0.1483134920634921,3.3391304347826076,3.6846153846153857,1.7763568394002505e-15,4.821010211315919e-16,0.0,0.0
trial_lie_054.mp4,S003,1,0.0,0.0,0.0,0.16103896103896104,0.0,0.0,0.2717391304347826,0.18441558441558442,0.03636363636363636,0.2727272727272727,0.3804347826086956,0.21739130434782605,0.4779220779220779,0.3260869565217391,0.26458333333333334,0.15243760107736604,0.0,0.0025974025974025974,0.8623376623376623,0.5532467532467532,0.2935064935064935,0.0,0.21038961038961038,0.18441558441558442,0.2831168831168831,0.5434782608695652,0.5434782608695652,0.7792207792207793,0.4051948051948052,1.0,0.05434782608695651,0.11391666666666561,0.0,0.11391666666666561,0.52,0.0,0.52,1.0,0.0,0.0,0.0,0.0,0.023376623376623377,0.10869565217391303,0.0,0.0,0.0,0.0,0.0,0.0,0.0,0.0,0.0,0.0,0.0,0.30311382734912146,0.3659327252223233,1.68,0.2571428571428571,5.668614029074339,0.027274816176470585,2.8050131745583853,3.207792207792208,0.9704610333875708,0.7574697665238272,0.0,0.12406770833333364,6.2379999999999995,2.556,6.189,0.4296675191815853,-0.07672634271099742,5.599999999999997,4.464166666666667,4.436500443761953,0.9938026008053655,0.5,0.25
trial_lie_055.mp4,S003,1,0.0,0.998158379373849,0.0,0.11970534069981584,0.0,0.03671880737313652,0.3304692663582287,0.0423572744014733,0.0570902394106814,0.7182320441988951,0.07343761474627304,0.11015642211940957,0.0,0.07343761474627304,0.10024723247232542,0.05000000000000071,0.0,0.0,0.9686924493554327,1.0,0.04419889502762431,0.998158379373849,0.011049723756906077,0.053406998158379376,0.13075506445672191,0.07343761474627304,0.14687522949254608,1.0,0.02394106813996317,0.0,0.0,0.0,0.0,0.0,0.0,0.0,0.0,0.0,0.0,0.0,0.009208103130755065,0.03671880737313652,0.0,0.0,0.0,0.0,0.0,0.0,0.0,0.0,0.998158379373849,0.03671880737313652,0.07504159155263844,0.07343761474627304,0.009208103130755065,0.3468887444480555,0.0648949955330496,0.47882352941176465,0.0,1.9416294778787866,0.010769481224224007,2.3192175711757703,4.447513812154696,0.0,0.9892670871831816,0.0,0.015178966789667887,0.243,0.131,0.245,0.26925685453736503,0.0,0.0,27.284247232472325,0.0,0.0,1.0,0.0
trial_lie_056.mp4,S003,1,0.0,0.019756838905775075,0.0,0.22188449848024316,0.0,0.035011553812758216,0.4551501995658568,0.013677811550151976,0.0,0.49544072948328266,0.035011553812758216,0.0,0.3465045592705167,0.17505776906379106,0.3370733637747336,0.039036393276018905,0.0,0.007598784194528876,0.9635258358662614,1.0,0.004559270516717325,0.019756838905775075,0.19756838905775076,0.057750759878419454,0.23708206686930092,0.42013864575309856,0.2800924305020657,1.0,0.8465045592705167,7.0,0.2450808766893075,0.1959019352033057,0.07540719394036144,0.21047336377473366,1.0357142857142858,0.1245399698154478,1.26,1.2857142857142858,0.0,0.0,0.0,0.0,0.004559270516717325,0.035011553812758216,0.0,0.0,0.0,0.0,0.00911854103343465,0.07002310762551643,0.0,0.0,0.9182958340544896,0.035011553812758216,0.0,0.2098212050777758,0.12669003952170607,0.9764705882352942,0.007598784194528876,5.091169377859962,0.015714029904199123,2.3588683636278267,2.6337386018237083,0.7625025066810943,0.8447010553811912,0.0,0.05709893455098956,3.927,3.011,3.601,0.11694594510306075,0.4822812116233653,0.24248496993988022,1.8356876494890195,3.982966898082946,2.169741077242439,0.07142857142857142,0.5
trial_lie_057.mp4,S003,1,0.0,0.024291497975708502,0.0,0.0,0.0,0.12084592145015105,0.0,0.12348178137651822,0.02834008097165992,0.0,0.3021148036253776,0.2416918429003021,0.9493927125506073,0.36253776435045315,0.2672366463826908,0.1361110657596296,0.008097165991902834,0.0,0.9048582995951417,0.7975708502024291,0.2732793522267207,0.024291497975708502,0.10931174089068826,0.022267206477732792,0.2550607287449393,0.4229607250755287,0.36253776435045315,0.8360323886639676,0.22874493927125505,1.0,0.060422960725075525,0.10056997971602452,0.0,0.10056997971602452,0.8,0.0,0.8,1.0,0.0,0.0,0.0,0.0,0.024291497975708502,0.18126888217522658,0.0,0.0,0.0,0.0,0.0,0.0,0.008097165991902834,0.060422960725075525,0.8112781244591328,0.060422960725075525,0.0,0.17401881400333413,0.09145222171664184,0.5211764705882352,0.19230769230769232,3.2417049288016364,0.01650161078630235,2.6643479398652685,2.1477732793522266,1.3705225994123023,0.8895070452630001,0.0,0.02243407707910749,0.382,0.6679999999999999,0.30700000000000005,-0.7184290030211479,0.1358006042296072,5.290322580645162,4.054569979716025,3.5720893045947215,0.881003243861857,0.5,0.25
trial_lie_058.mp4,S015,1,0.0,0.0,0.0,0.09247648902821316,0.0,0.0,0.40929555686934377,0.0219435736677116,0.023510971786833857,0.38557993730407525,0.13643185228978125,0.13643185228978125,0.725705329153605,0.0909545681931875,0.13501962323390876,0.03349999999999964,0.0,0.0,1.0,0.8181818181818182,0.24921630094043887,0.0,0.3401253918495298,0.006269592476489028,0.49843260188087773,0.4547728409659375,0.8185911137386875,0.896551724137931,0.6990595611285266,0.0,0.0,0.0,0.0,0.0,0.0,0.0,0.0,0.0,0.0,0.0,0.0,0.0,0.0,0.0,0.0,0.0,0.0,0.0,0.0,0.0,0.0,0.0,0.0,0.0,0.0,0.2716402360317168,0.07590622264782736,0.5158823529411765,0.0,2.345229973423483,0.014501800720288116,2.4384951003869277,2.8605015673981193,0.0,0.9152286493387704,0.0,0.023968602825745686,0.375,0.8959999999999999,0.353,-0.1704060586442948,0.0,0.0,22.02351962323391,0.0,0.0,1.0,0.0
trial_lie_059.mp4,S016,1,0.0,0.5670995670995671,0.0,0.0,0.0,0.19124115509657677,0.0,0.08658008658008658,0.06493506493506493,0.0,0.08196049504139005,0.10928066005518673,0.6753246753246753,0.054640330027593366,0.41014347826086817,0.0500000000000016,0.9956709956709957,0.0,0.0,0.0,0.16883116883116883,0.5670995670995671,0.012987012987012988,0.0,0.4329004329004329,0.1639209900827801,0.1366008250689834,0.0,1.0,0.0,0.0,0.0,0.0,0.0,0.0,0.0,0.0,0.0,0.0,0.0,0.0,0.0,0.0,0.0,0.0,0.0,0.0,0.0,0.0,0.0,0.5670995670995671,0.19124115509657677,0.0,0.0,0.0,0.16963821892393321,0.08099786464956335,0.3857142857142857,0.19480519480519481,2.4421720347788045,0.0171583850931677,2.548882256933996,1.4545454545454546,0.0,0.9573051206071761,0.08196049504139005,0.028447826086956497,0.21600000000000003,0.322,0.20800000000000002,0.08078963082651297,0.0,0.0,36.762143478260874,0.0,0.0,1.0,0.0
trial_lie_060.mp4,S016,1,0.017421602787456445,0.13937282229965156,0.003484320557491289,0.27177700348432055,0.13622740895468166,0.2270456815911361,0.31786395422759056,0.1986062717770035,0.1986062717770035,0.3519163763066202,0.045409136318227225,0.2724548179093633,0.289198606271777,0.045409136318227225,0.5439999999999996,0.0,0.0,0.003484320557491289,0.9198606271777003,0.9163763066202091,0.11498257839721254,0.156794425087108,0.7979094076655052,0.4564459930313589,0.5017421602787456,0.5903187721369539,0.6811370447734083,0.9930313588850174,0.6027874564459931,2.0,0.09081827263645445,0.24399999999999983,0.06700000000000017,0.24399999999999983,4.875,0.125,5.0,4.0,0.017421602787456445,0.13622740895468166,0.041811846689895474,0.13622740895468166,0.0,0.0,0.0,0.0,0.0,0.0,0.041811846689895474,0.045409136318227225,0.07317073170731707,0.09081827263645445,1.8461080623727542,0.3632730905458178,0.013937282229965157,0.43846279975404795,0.1769914907856539,0.7058823529411764,0.003484320557491289,1.7977244467713134,0.030012340600575897,2.3259904322222855,4.062717770034843,0.0,0.6388027431792809,0.0,0.39073426573426634,6.2509999999999994,2.601,3.1,2.5286478227654694,2.7705627705627704,0.9126838235294117,7.295666666666668,9.972712681222811,1.3669364482874962,0.3333333333333333,0.6666666666666666
trial_lie_061.mp4,S016,1,0.013774104683195593,0.0,0.0,0.12121212121212122,0.0358487184083169,0.0,0.21509231044990143,0.1322314049586777,0.03581267217630854,0.4986225895316804,0.17924359204158452,0.10754615522495072,0.06611570247933884,0.0716974368166338,0.3940580110497244,0.1499999999999999,0.0,0.0,0.3884297520661157,0.9338842975206612,0.1790633608815427,0.013774104683195593,0.19559228650137742,0.15977961432506887,0.325068870523416,0.8603692417996057,0.10754615522495072,1.0,0.8126721763085399,0.0,0.0,0.0,0.0,0.0,0.0,0.0,0.0,0.0,0.013774104683195593,0.0358487184083169,0.0,0.0,0.013774104683195593,0.0358487184083169,0.0,0.0,0.0,0.0,0.0,0.0,0.013774104683195593,0.0358487184083169,1.584962500721156,0.0358487184083169,0.013774104683195593,0.34218116998865666,0.10628306504197554,0.5852941176470589,0.0,2.0542953210835386,0.017157946051348717,2.802813713939467,4.793388429752066,0.0,0.8748174721532573,0.0,0.03332320441988948,0.32399999999999995,0.647,0.52,0.6997529250094012,-0.043257453546035766,16.176470588235272,8.57472467771639,6.842316631732916,0.7979634202733555,0.6666666666666666,0.0
trial_truth_001.mp4,S017,0,0.14603960396039603,0.7475247524752475,0.027227722772277228,0.2896039603960396,0.5949282367814382,1.041124414367517,0.669294266379118,0.07920792079207921,0.007425742574257425,0.9801980198019802,0.14873205919535956,0.07436602959767978,0.05693069306930693,0.669294266379118,0.27058946787979016,0.11470811051222121,0.0,0.0,0.6485148514851485,0.0,0.2079207920792079,0.8935643564356436,0.15594059405940594,0.0049504950495049506,0.24752475247524752,0.4461961775860787,0.2974641183907191,0.6881188118811881,0.5420792079207921,0.0,0.0,0.0,0.0,0.0,0.0,0.0,0.0,0.0,0.14603960396039603,0.5949282367814382,0.0,0.0,0.0,0.0,0.0,0.0,0.05693069306930693,0.07436602959767978,0.0,0.0,0.745049504950495,0.669294266379118,0.9325389954854524,1.338588532758236,0.18316831683168316,0.3842748980780431,0.11887688996847937,0.6105882352941177,0.0,2.0925583510154593,0.023530871405634212,2.511593144821438,5.163366336633663,0.658443926409795,0.9737287515302523,0.0,0.012114143920595524,0.187,0.179,0.228,-0.26443685230469066,0.0,0.0,13.480367245657568,0.0,0.0,1.0,0.0
trial_truth_002.mp4,S017,0,0.006956521739130435,0.0,0.0,0.05565217391304348,0.05185108368764907,0.0,0.3629575858135435,0.020869565217391306,0.043478260869565216,0.8365217391304348,0.1555532510629472,0.1555532510629472,0.23304347826086957,0.3629575858135435,0.23831358885017423,0.07215601011640223,0.07652173913043478,0.0,0.08,0.8017391304347826,0.18608695652173912,0.006956521739130435,0.034782608695652174,0.019130434782608695,0.06782608695652174,0.725915171627087,1.3481281758788757,0.8852173913043478,0.43130434782608695,0.0,0.0,0.0,0.0,0.0,0.0,0.0,0.0,0.0,0.006956521739130435,0.05185108368764907,0.006956521739130435,0.10370216737529814,0.0,0.0,0.0,0.0,0.0,0.0,0.0,0.0,0.006956521739130435,0.05185108368764907,1.584962500721156,0.05185108368764907,0.006956521739130435,0.2711335038363171,0.0699457071237558,0.39941176470588236,0.0,1.9916387770579516,0.015411969665915149,2.4808150873253982,3.4747826086956524,0.8638300281315462,0.9278733737551285,0.41480866950119255,0.026846689895470354,0.356,0.5459999999999999,0.183,-1.610677663163162,0.0,0.0,19.319599303135888,0.0,0.0,1.0,0.0
trial_truth_003.mp4,S002,0,0.0,0.0,0.0,0.0,0.0,0.0,0.0,0.07957559681697612,0.07427055702917772,0.0,0.3138239447669857,0.3138239447669857,0.41909814323607425,0.07845598619174643,0.4668989361702126,0.0,0.20954907161803712,0.0,0.27320954907161804,0.10610079575596817,0.3687002652519894,0.0,0.06631299734748011,0.10610079575596817,0.11405835543766578,0.7845598619174643,0.15691197238349286,0.08222811671087533,0.0,1.0,0.07845598619174643,0.40089893617021277,0.0,0.40089893617021277,1.72,0.0,1.72,4.0,0.0,0.0,0.0,0.0,0.029177718832891247,0.15691197238349286,0.0,0.0,0.0,0.0,0.0,0.0,0.0,0.0,0.0,0.0,0.0,0.21898424091121863,0.11285563142929672,0.5729411764705882,0.16180371352785147,2.944074330053367,0.012471839799749687,2.9266899140555713,2.9416445623342176,0.0,0.9337033152931246,0.4707359171504786,0.021571808510638276,0.17099999999999999,0.417,0.148,0.11713017232626638,0.0824249360814466,1.4210526315789491,2.661648936170213,2.2130469239263775,0.8314571068529726,0.5,0.25
trial_truth_004.mp4,S002,0,0.027408637873754152,0.024916943521594685,0.0008305647840531562,0.07516611295681064,0.08597924215439415,0.09826199103359332,0.1351102376711908,0.08803986710963455,0.10838870431893688,0.09426910299003323,0.24565497758398327,0.41761346189277154,0.2541528239202658,0.2333722287047841,0.3271926836201435,0.13389674361289897,0.19061461794019935,0.0,0.7325581395348837,0.061461794019933555,0.3226744186046512,0.05232558139534884,0.23920265780730898,0.19269102990033224,0.19684385382059802,0.39304796413437326,0.7738131793895473,0.16611295681063123,0.10755813953488372,2.0,0.02456549775839833,0.21732426256751364,0.15050000000000097,0.21732426256751364,1.48,0.5599999999999999,2.04,2.5,0.027408637873754152,0.08597924215439415,0.0,0.0,0.007475083056478406,0.07369649327519498,0.0,0.0,0.0,0.0,0.01744186046511628,0.09826199103359332,0.04526578073089701,0.12282748879199164,1.7565250952415425,0.14739298655038996,0.026993355481727575,0.29601890756302524,0.11024943739135945,0.5847058823529411,0.005398671096345515,2.2434973918597634,0.016939563527945452,2.958647863470729,4.049003322259137,0.9861691910612983,0.9415861760674821,0.9826199103359331,0.01910261736601584,0.272,0.717,0.27599999999999997,0.8086781233404743,0.002898487897277848,278.99999999998437,13.536157595900846,15.30194785712663,1.130449889395534,0.6666666666666666,0.3333333333333333
trial_truth_005.mp4,S002,0,0.02330097087378641,0.02330097087378641,0.003883495145631068,0.018446601941747572,0.08628624022089278,0.14381040036815462,0.08628624022089278,0.30776699029126214,0.014563106796116505,0.05242718446601942,0.25885872066267834,0.14381040036815462,0.7155339805825243,0.20133456051541648,0.32921671525753216,0.10305595864502362,0.27766990291262134,0.0,0.2961165048543689,0.006796116504854369,0.3233009708737864,0.04660194174757282,0.13592233009708737,0.283495145631068,0.27766990291262134,0.8053382420616659,0.23009664058904739,0.03495145631067961,0.25145631067961166,0.0,0.0,0.0,0.0,0.0,0.0,0.0,0.0,0.0,0.02330097087378641,0.08628624022089278,0.0,0.0,0.035922330097087375,0.20133456051541648,0.0,0.0,0.0,0.0,0.005825242718446602,0.028762080073630923,0.04563106796116505,0.17257248044178555,1.7507468073335593,0.373907040957202,0.02621359223300971,0.2897264420331239,0.1420365792381888,0.7364705882352941,0.017475728155339806,2.7429525478454044,0.021198193563139543,3.030833888413618,3.8281553398058255,0.5275454924066111,0.9516430925438464,1.7257248044178555,0.025571428571428596,0.304,0.489,0.514,0.731199750954223,0.0,0.0,34.80178814382896,0.0,0.0,1.0,0.0
trial_truth_006.mp4,S002,0,0.008714596949891068,0.0032679738562091504,0.0,0.00980392156862745,0.032682942772167205,0.032682942772167205,0.09804882831650161,0.029411764705882353,0.10239651416122005,0.12636165577342048,0.19609765663300321,0.32682942772167206,0.1568627450980392,0.26146354217733764,0.27524141221374054,0.17729314531306653,0.2178649237472767,0.0,0.4095860566448802,0.1394335511982571,0.3758169934640523,0.011982570806100218,0.13616557734204793,0.24618736383442266,0.20261437908496732,0.032682942772167205,0.16341471386083603,0.25054466230936817,0.14923747276688454,0.0,0.0,0.0,0.0,0.0,0.0,0.0,0.0,0.0,0.008714596949891068,0.032682942772167205,0.0010893246187363835,0.032682942772167205,0.0032679738562091504,0.06536588554433441,0.0,0.0,0.0,0.0,0.0,0.0,0.0032679738562091504,0.032682942772167205,1.672905595320056,0.09804882831650161,0.0,0.3155754197103678,0.09398928567418231,0.5147058823529411,0.0,2.024313332128564,0.01412149592661492,2.833004026783298,4.598039215686274,1.12851012728244,0.9046009594795423,0.9151223976206817,0.01836532170119955,0.42400000000000004,0.669,0.305,-0.005876521278838069,0.09402434046141894,0.06249999999999346,10.176699745547074,3.9673522936868375,0.3898466490006051,1.0,0.0
trial_truth_007.mp4,S002,0,0.06526917579799904,0.05383515959980943,0.004287756074321105,0.13816102906145783,0.22344808323441098,0.26534459884086303,0.44689616646882196,0.14864221057646498,0.06241067174845164,0.4059075750357313,0.37706864045806854,0.40499965086236994,0.8261076703191996,0.13965505202150688,0.38433012392754967,0.15037805690990919,0.038113387327298714,0.0,0.6908051453072892,0.23106241067174846,0.34063839923773226,0.11910433539780849,0.10909957122439257,0.18056217246307765,0.37875178656503095,0.44689616646882196,0.25137909363871236,0.6055264411624584,0.07050976655550262,0.0,0.0,0.0,0.0,0.0,0.0,0.0,0.0,0.0,0.06526917579799904,0.22344808323441098,0.0019056693663649356,0.027931010404301373,0.02906145783706527,0.12568954681935618,0.004764173415912339,0.027931010404301373,0.0,0.0,0.0014292520247737017,0.013965505202150686,0.10481181515007146,0.3072411144473151,1.6566447438777219,0.47482717687312337,0.05907575035731301,0.2972404226102065,0.11520719301220705,0.7052941176470588,0.003811338732729871,2.6577811761356087,0.018545393371838727,2.915657375304854,4.0762267746545975,1.1824886781949868,0.9161613878943745,0.1955170728301096,0.017878932316492,0.489,0.9430000000000001,0.322,0.3791716812414512,0.0,0.0,71.63913012392756,0.0,0.0,1.0,0.0
trial_truth_008.mp4,S003,0,0.0,0.4350377200335289,0.0,0.0008382229673093043,0.0,0.5331108175138493,0.023178731196254316,0.11064543168482817,0.019279128248113998,0.0008382229673093043,0.20860858076628885,0.11589365598127159,0.4727577535624476,0.3013235055513061,0.2750399457924626,0.140441526925646,0.010058675607711651,0.003352891869237217,0.9748533109807209,0.06286672254819782,0.2766135792120704,0.4350377200335289,0.10813076278290025,0.08968985750209556,0.2154233025984912,0.7185406670838839,0.18542984957003453,0.6596814752724225,0.1584241408214585,1.0,0.023178731196254316,0.2691937919463128,0.0,0.2691937919463128,4.52,0.0,4.52,7.0,0.0,0.0,0.0008382229673093043,0.023178731196254316,0.08046940486169321,0.06953619358876295,0.0,0.0,0.0,0.0,0.0,0.0,0.4283319362950545,0.5331108175138493,0.6464223903706322,0.11589365598127159,0.0,0.28110349588284606,0.20841271318226065,1.2541176470588236,0.0,4.82970535303961,0.018123272799052507,2.4229899503083328,3.2648784576697403,0.6898831721447136,0.9299989045591118,0.0,0.024382550335570463,2.268,1.733,1.3090000000000002,4.388142851883816,-2.218449997341262,1.9780219780219785,20.523193791946312,20.253999999999998,0.9868834356545446,0.5,0.5
trial_truth_009.mp4,S003,0,0.06144393241167435,0.6390168970814132,0.0,0.0,0.1808154778049001,0.7232619112196004,0.0,0.04608294930875576,0.043010752688172046,0.0,0.22601934725612513,0.1808154778049001,0.30568356374807987,0.22601934725612513,0.3144338461538464,0.12025240122342662,0.0,0.0,0.989247311827957,0.018433179723502304,0.2672811059907834,0.7004608294930875,0.130568356374808,0.029185867895545316,0.3456221198156682,1.0848928668294007,0.7684657806708254,0.5529953917050692,0.261136712749616,0.0,0.0,0.0,0.0,0.0,0.0,0.0,0.0,0.0,0.06144393241167435,0.1808154778049001,0.0,0.0,0.0030721966205837174,0.04520386945122502,0.0,0.0,0.0,0.0,0.0,0.0,0.6943164362519201,0.49724256396347527,0.44310809229893,0.3616309556098002,0.06144393241167435,0.2905828137706695,0.14539695657076732,1.22,0.004608294930875576,4.459597373036308,0.02016108597285068,2.8538598897913037,3.6251920122887866,0.6689631257174894,0.9457826458932044,0.0,0.03189538461538461,1.506,1.852,0.919,7.967846753564457,0.15555449193509813,51.222222222222136,11.028033846153846,0.9509999999999996,0.08623477342080083,1.0,0.0
trial_truth_010.mp4,S003,0,0.01267605633802817,0.10704225352112676,0.0,0.34507042253521125,0.05547465501698911,0.26350461133069825,0.09708064627973094,0.06291079812206572,0.03990610328638498,0.3676056338028169,0.1248179737882255,0.13868663754247276,0.5230046948356808,0.15255530129672004,0.2645043767880789,0.13465664938331387,0.0,0.011267605633802818,0.6643192488262911,0.9713615023474178,0.28262910798122065,0.11971830985915492,0.41784037558685444,0.05352112676056338,0.37464788732394366,0.6102212051868802,0.013868663754247277,1.0,0.5211267605633803,0.0,0.0,0.0,0.0,0.0,0.0,0.0,0.0,0.0,0.01267605633802817,0.05547465501698911,0.003755868544600939,0.027737327508494555,0.010328638497652582,0.04160599126274183,0.0,0.0,0.012206572769953052,0.05547465501698911,0.0,0.0,0.09906103286384976,0.20802995631370916,1.3906491487230357,0.16642396505096732,0.002347417840375587,0.45641010770505386,0.36326074305560546,1.7470588235294118,0.03051643192488263,3.9399550179982468,0.017000801259912136,2.5505439021457845,4.975117370892018,1.2598529770484792,0.759485765778855,0.0,0.017277125410991197,2.517,1.2409999999999999,2.7190000000000003,-2.5531638908944116,0.0,0.0,72.13886801315172,0.0,0.0,1.0,0.0
trial_truth_011.mp4,S003,0,0.001652892561983471,0.5132231404958678,0.001652892561983471,0.0,0.02448519869738743,0.5876447687372983,0.0,0.11818181818181818,0.050413223140495865,0.0,0.171396390881712,0.14691119218432458,0.5173553719008265,0.171396390881712,0.21035223915869047,0.11917916541655905,0.0,0.0,1.0,0.815702479338843,0.29256198347107437,0.5148760330578512,0.11735537190082644,0.006611570247933884,0.2834710743801653,0.44073357655297374,1.028378345290272,0.9859504132231405,0.3859504132231405,0.0,0.0,0.0,0.0,0.0,0.0,0.0,0.0,0.0,0.001652892561983471,0.02448519869738743,0.0,0.0,0.001652892561983471,0.02448519869738743,0.0,0.0,0.0,0.0,0.0,0.0,0.5132231404958678,0.5631595700399109,0.06224499786157915,0.09794079478954971,0.003305785123966942,0.27270393777345653,0.0874527038061573,0.44647058823529406,0.0008264462809917355,1.926243243628688,0.016988760764851847,2.7646965980244964,3.7462809917355373,0.6196271402756341,0.9752652943012841,0.0,0.013821339950372215,0.22,0.34500000000000003,0.303,-0.08706648595629794,0.0,0.0,40.87478081058726,0.0,0.0,1.0,0.0
trial_truth_012.mp4,S003,0,0.0,0.23674911660777384,0.0,0.0,0.0,0.42310133276919826,0.0,0.04946996466431095,0.024734982332155476,0.0,0.14103377758973276,0.17629222198716593,0.36866902237926974,0.14103377758973276,0.333945754716982,0.1130143796160465,0.0,0.0,1.0,0.6666666666666666,0.29093050647820967,0.23674911660777384,0.0989399293286219,0.0,0.3651354534746761,0.42310133276919826,0.8109442211409633,0.8574793875147232,1.0,0.0,0.0,0.0,0.0,0.0,0.0,0.0,0.0,0.0,0.0,0.0,0.0,0.0,0.002355712603062426,0.03525844439743319,0.0,0.0,0.0,0.0,0.0,0.0,0.22379269729093051,0.42310133276919826,0.08354288831032233,0.07051688879486638,0.001177856301531213,0.2985117439201829,0.1387704092678174,0.5794117647058823,0.053003533568904596,2.0749996518445277,0.015468923418423975,2.936995969504475,3.9469964664310955,0.6198618936765721,0.9735204640524944,0.0,0.011389150943396228,0.251,0.23299999999999998,0.195,0.3517548335179221,0.0,0.0,28.39544575471698,0.0,0.0,1.0,0.0
trial_truth_013.mp4,S003,0,0.11630695443645084,0.36330935251798563,0.0,0.18585131894484413,0.035978988270849825,0.5756638123335972,0.035978988270849825,0.1091127098321343,0.09112709832134293,0.18585131894484413,0.21587392962509894,0.39576887097934804,0.6007194244604317,0.39576887097934804,0.2670025100949468,0.0997781837398002,0.0,0.0,0.973621103117506,0.9688249400479616,0.2853717026378897,0.47961630695443647,0.2146282973621103,0.11990407673860912,0.49160671462829736,0.035978988270849825,0.035978988270849825,0.9784172661870504,0.44964028776978415,0.0,0.0,0.0,0.0,0.0,0.0,0.0,0.0,0.0,0.11630695443645084,0.035978988270849825,0.10431654676258993,0.1798949413542491,0.008393285371702638,0.07195797654169965,0.0035971223021582736,0.035978988270849825,0.004796163069544364,0.035978988270849825,0.0,0.0,0.36330935251798563,0.5756638123335972,1.521928831558758,0.1439159530833993,0.04316546762589928,0.4405198194385668,0.4685641863394485,1.697058823529412,0.0,4.088752403657563,0.016709271944071742,2.43454140533762,4.344124700239808,0.9096085147495976,0.7325302727720802,0.0,0.038154861944778004,2.542,1.501,3.1260000000000003,-0.2732604159171037,0.185111894653522,1.476190476190475,13.863366146458585,6.023,0.4344543696220981,1.0,0.0
trial_truth_014.mp4,S003,0,0.0,0.0158311345646438,0.0,0.0,0.0,0.0792832791564259,0.0,0.0,0.0,0.0,0.0,0.0,0.9287598944591029,0.2378498374692777,0.12236772486772478,0.04115823125451309,0.0,0.0,1.0,1.0,0.2638522427440633,0.0158311345646438,0.08179419525065963,0.0,0.19261213720316622,0.6342662332514072,0.792832791564259,1.0,0.9102902374670184,0.0,0.0,0.0,0.0,0.0,0.0,0.0,0.0,0.0,0.0,0.0,0.0,0.0,0.0,0.0,0.0,0.0,0.0,0.0,0.0,0.0,0.0158311345646438,0.0792832791564259,0.0,0.0,0.0,0.2097484608619173,0.06717462634749152,0.30333333333333334,0.0158311345646438,1.859370020630315,0.013804232804232805,2.4007142355849025,2.2058047493403694,0.08281610214577055,0.9758651242359135,0.0,0.010367724867724859,0.143,0.23600000000000004,0.194,-1.5184333624038695,0.0,0.0,12.646367724867726,0.0,0.0,1.0,0.0
trial_truth_015.mp4,S003,0,0.09746954076850985,0.8687910028116214,0.01499531396438613,0.014058106841611996,0.19680058477888046,0.2811436925412578,0.056228738508251566,0.07497656982193064,0.030927835051546393,0.020618556701030927,0.2811436925412578,0.3092580617953836,0.16026241799437677,0.33737243104950937,0.27820012507817365,0.11833556335926922,0.0,0.0,1.0,0.943767572633552,0.2296157450796626,0.9662605435801312,0.07497656982193064,0.0,0.2624179943767573,0.16868621552475468,0.3936011695577609,0.9981255857544518,0.25585754451733833,0.0,0.0,0.0,0.0,0.0,0.0,0.0,0.0,0.0,0.09746954076850985,0.19680058477888046,0.0,0.0,0.0,0.0,0.0,0.0,0.0,0.0,0.0,0.0,0.9662605435801312,0.08434310776237734,0.4418871238582832,0.3936011695577609,0.09746954076850985,0.318485032250951,0.08983205706587206,0.5782352941176471,0.0037488284910965324,2.0409122381859097,0.014662840746054518,2.7526553029552203,3.9606373008434863,0.8364742955118931,0.9785527994333393,0.0,0.013372420262664183,0.27,0.20700000000000002,0.201,0.26444044963145275,0.0,0.0,35.60236679174484,0.0,0.0,1.0,0.0
trial_truth_016.mp4,S019,0,0.0,0.0,0.0,0.5353535353535354,0.0,0.0,0.7309941520467836,0.45454545454545453,0.0,0.9595959595959596,0.4385964912280702,0.0,0.0,0.14619883040935672,0.10979591836734698,0.0,0.0,0.0,1.0,1.0,0.6262626262626263,0.0,0.37373737373737376,0.0,0.37373737373737376,0.7309941520467836,0.4385964912280702,1.0,0.7575757575757576,0.0,0.0,0.0,0.0,0.0,0.0,0.0,0.0,0.0,0.0,0.0,0.20202020202020202,0.29239766081871343,0.0,0.0,0.0,0.0,0.0,0.0,0.0,0.0,0.0,0.0,0.0,0.0,0.0,0.49493166963755203,0.21864059506735284,0.7005882352941177,0.0,1.7221628630082715,0.05992797118847539,2.0593365847031184,6.02020202020202,0.0,0.8764123661892892,0.0,0.15176530612244898,1.2479999999999998,0.8460000000000001,1.127,2.05641554867561,2.144908840729274,0.9587426326129665,3.289795918367347,2.22,0.6748138957816378,0.5,0.0
trial_truth_017.mp4,S019,0,0.0,0.0,0.0,0.47368421052631576,0.0,0.0,1.4705882352941178,0.0,0.15789473684210525,1.0,0.0,0.7352941176470589,0.0,0.0,0.0,0.0,0.0,0.0,1.0,1.0,0.42105263157894735,0.0,0.21052631578947367,0.0,0.2631578947368421,0.7352941176470589,0.7352941176470589,1.0,1.0,0.0,0.0,0.0,0.0,0.0,0.0,0.0,0.0,0.0,0.0,0.0,0.0,0.0,0.0,0.0,0.0,0.0,0.0,0.0,0.0,0.0,0.0,0.0,0.0,0.0,0.0,0.3945394736842105,0.19126503231528,0.655,0.0,2.200350175087544,0.08263888888888889,2.4305946180235427,4.7894736842105265,0.0,0.8765180962501264,0.0,0.16833333333333333,0.376,0.75,0.504,3.863051470588237,0.0,0.0,1.4355555555555555,0.0,0.0,0.0,0.0
trial_truth_018.mp4,S020,0,0.0,0.0,0.0,0.4827586206896552,0.0,0.0,1.0115606936416186,0.08045977011494253,0.2471264367816092,0.9367816091954023,0.28901734104046245,0.28901734104046245,0.005747126436781609,0.43352601156069365,0.34666666666666646,0.13597385369580736,0.0,0.0,1.0,0.1839080459770115,0.13218390804597702,0.0,0.08620689655172414,0.09770114942528736,0.40229885057471265,0.28901734104046245,0.14450867052023122,0.1839080459770115,0.47701149425287354,0.0,0.0,0.0,0.0,0.0,0.0,0.0,0.0,0.0,0.0,0.0,0.08620689655172414,0.28901734104046245,0.0,0.0,0.0,0.0,0.0,0.0,0.0,0.0,0.0,0.0,0.0,0.0,0.0,0.3966810344827586,0.08141910509697288,0.43062500000000004,0.0,1.3865044007388896,0.01625,2.2602975423071223,4.350574712643678,0.36986301369862995,0.9040215697048959,0.0,0.019173410404624256,0.22100000000000003,0.182,0.166,-0.45312500000000006,0.0,0.0,6.96,0.0,0.0,1.0,0.0
trial_truth_019.mp4,S020,0,0.0,0.0,0.0,0.40615384615384614,0.0,0.0,0.9259259259259258,0.0,0.05846153846153846,1.0,0.0,0.23148148148148145,0.0,0.23148148148148145,0.2933333333333337,0.049888765156985475,0.0,0.0,1.0,0.0,0.2523076923076923,0.0,0.15692307692307692,0.052307692307692305,0.32,0.4629629629629629,0.07716049382716049,0.7353846153846154,0.015384615384615385,0.0,0.0,0.0,0.0,0.0,0.0,0.0,0.0,0.0,0.0,0.0,0.003076923076923077,0.07716049382716049,0.0,0.0,0.0,0.0,0.0,0.0,0.0,0.0,0.0,0.0,0.0,0.0,0.0,0.3129755656108597,0.11582851444397158,0.5405882352941177,0.0,2.236596325447175,0.014793028322440087,2.664055370899324,3.729230769230769,0.6102941176470589,0.9202930330879033,0.0,0.012006172839506155,0.21,0.313,0.11,0.8970588235294119,0.0,0.0,13.0,0.0,0.0,1.0,0.0
trial_truth_020.mp4,S021,0,0.1588235294117647,0.0,0.0,0.0,0.14534883720930233,0.0,0.0,0.15294117647058825,0.1,0.0,0.436046511627907,0.436046511627907,0.0,0.436046511627907,0.24071005917159774,0.16329931618554527,0.0,0.0,1.0,0.08235294117647059,0.3176470588235294,0.1588235294117647,0.08235294117647059,0.13529411764705881,0.25882352941176473,0.5813953488372093,0.436046511627907,0.5529411764705883,1.0,0.0,0.0,0.0,0.0,0.0,0.0,0.0,0.0,0.0,0.1588235294117647,0.14534883720930233,0.0,0.0,0.0,0.0,0.0,0.0,0.0,0.0,0.0,0.0,0.1588235294117647,0.14534883720930233,1.0,0.0,0.1588235294117647,0.3676505190311419,0.17383629537673262,0.6735294117647059,0.0,2.2367789479628426,0.02669335189697181,2.6106322613930293,4.982352941176471,0.29166666666666646,0.9110736693600543,0.0,0.020881656804733705,0.185,0.284,0.218,0.8741877564979469,0.5418519151846787,1.6133333333333308,3.3207100591715975,0.6000000000000001,0.1806842480399145,0.0,0.0
trial_truth_021.mp4,S022,0,0.20622568093385213,0.4163424124513619,0.01556420233463035,0.2607003891050584,0.6436781609195402,0.6436781609195402,0.6436781609195402,0.36186770428015563,0.023346303501945526,0.5330739299610895,0.1839080459770115,0.09195402298850575,0.8249027237354085,0.45977011494252873,0.21768046874999997,0.15709920432643826,0.027237354085603113,0.0,0.9727626459143969,0.0,0.12062256809338522,0.622568093385214,0.4396887159533074,0.23346303501945526,0.3540856031128405,0.6436781609195402,0.1839080459770115,0.7042801556420234,0.7976653696498055,0.0,0.0,0.0,0.0,0.0,0.0,0.0,0.0,0.0,0.20622568093385213,0.6436781609195402,0.0,0.0,0.03501945525291829,0.1839080459770115,0.0,0.0,0.0038910505836575876,0.09195402298850575,0.01556420233463035,0.09195402298850575,0.6186770428015564,0.9195402298850575,1.170367019959246,1.0114942528735633,0.2178988326848249,0.7802334630350195,0.16140543352306833,0.7747058823529411,0.0,1.5666502387909083,0.02612132352941177,0.03675295386313879,7.719844357976654,0.7801140847261068,0.949073545227032,0.0,0.022605468749999955,0.25,0.412,0.133,0.22155510480054194,0.0,0.0,10.91748046875,0.0,0.0,1.0,0.0
trial_truth_022.mp4,S023,0,0.2746730083234245,0.0047562425683709865,0.04875148632580262,0.09750297265160524,0.7369713984909633,0.0350938761186173,0.3860326373047903,0.08561236623067776,0.02140309155766944,0.2568370986920333,0.1754693805930865,0.2105632567117038,0.0,0.5965958940164942,0.2636285014005604,0.11614836592296242,0.0,0.0,0.9845422116527943,0.3234244946492271,0.34839476813317477,0.2794292508917955,0.054696789536266346,0.08323424494649227,0.24851367419738407,0.4913142656606422,0.2105632567117038,1.0,0.4637336504161712,0.0,0.0,0.0,0.0,0.0,0.0,0.0,0.0,0.0,0.2746730083234245,0.7369713984909633,0.0011890606420927466,0.0350938761186173,0.0,0.0,0.0,0.0,0.0,0.0,0.0,0.0,0.05112960760998811,0.2807510089489384,0.6593481247054783,0.0701877522372346,0.05112960760998811,0.4143085962089949,0.10784157290276274,0.8358823529411766,0.0,2.463352787349094,0.021286414565826334,2.3635684559787693,5.373365041617123,0.9380859871360966,0.9446008618658343,0.0,0.01278809523809523,0.34199999999999997,0.141,0.361,0.5722366152988639,0.0,0.0,28.52892261904762,0.0,0.0,1.0,0.0
trial_truth_023.mp4,S024,0,0.0,0.2015151515151515,0.0,0.0,0.0,0.8171418195024515,0.0,0.007575757575757576,0.010606060606060607,0.0,0.09079353550027239,0.18158707100054478,0.17272727272727273,0.6809515162520429,0.3096930703085484,0.05528769201991388,0.0,0.0,0.6515151515151515,1.0,0.18636363636363637,0.2015151515151515,0.10606060606060606,0.1393939393939394,0.2,0.8171418195024515,0.0,1.0,1.0,4.0,0.18158707100054478,0.1756764036418823,0.07260294415517833,0.18442640364188234,1.0899999999999999,0.2702776350347916,1.43,1.5,0.0,0.0,0.0,0.0,0.0,0.0,0.0,0.0,0.0,0.0,0.0,0.0,0.10606060606060606,0.5901579807517705,0.0,0.0,0.0,0.23227985739750448,0.07567174206390428,0.4447058823529412,0.0,2.3906253597218914,0.020375792198518254,2.467843596989172,3.0318181818181817,0.41780626805351345,0.9744367634858384,0.0,0.018915022761760228,0.198,0.09899999999999998,0.11499999999999999,-0.03999528067826134,0.45434638850505316,0.08802816901408365,1.9146991309146093,1.857720161474033,0.9702412935167738,0.18181818181818182,0.36363636363636365
trial_truth_024.mp4,S025,0,0.0,0.024691358024691357,0.0,0.0,0.0,0.04479885314935938,0.0,0.0941358024691358,0.0015432098765432098,0.0,0.35839082519487503,0.04479885314935938,0.7052469135802469,0.31359197204551564,0.33492934422609855,0.14930587697059808,0.0,0.0,0.5277777777777778,0.8734567901234568,0.26851851851851855,0.024691358024691357,0.05092592592592592,0.08950617283950617,0.44907407407407407,0.6271839440910313,0.9855747692859064,0.933641975308642,0.7808641975308642,0.0,0.0,0.0,0.0,0.0,0.0,0.0,0.0,0.0,0.0,0.0,0.0,0.0,0.0030864197530864196,0.04479885314935938,0.0,0.0,0.0,0.0,0.0,0.0,0.0,0.0,0.0,0.0,0.0,0.31551924473493104,0.13294794257565484,0.6723529411764706,0.004629629629629629,2.386355789812875,0.01840349122647513,3.002966112147385,4.256172839506172,0.873849760145247,0.941201521926173,0.0,0.019942812982998423,0.20500000000000002,0.369,0.25499999999999995,1.415143066455146,0.0,0.0,22.356500772797528,0.0,0.0,1.0,0.0
trial_truth_025.mp4,S025,0,0.0,0.00129366106080207,0.0,0.00646830530401035,0.0,0.038050302499904876,0.038050302499904876,0.0,0.00517464424320828,0.1384217335058215,0.0,0.038050302499904876,0.9896507115135834,0.26635211749933413,0.19618560325684611,0.0843774319377412,0.01034928848641656,0.0,0.463130659767141,0.9301423027166882,0.3130659767141009,0.00129366106080207,0.04657179818887452,0.0,0.16429495472186287,0.608804839998478,0.38050302499904876,0.9870633893919794,1.0,0.0,0.0,0.0,0.0,0.0,0.0,0.0,0.0,0.0,0.0,0.0,0.0,0.0,0.0,0.0,0.0,0.0,0.0,0.0,0.0,0.0,0.0,0.0,0.0,0.0,0.0,0.3400929818887452,0.07634405679653344,0.46062499999999995,0.0,1.7495215475944241,0.01790155440414508,2.541930097465884,4.349288486416559,0.8050643691124751,0.931204386262456,0.22830181499942925,0.017729274611398928,0.16199999999999998,0.28200000000000003,0.22000000000000003,-1.4136638636277168,0.0,0.0,26.31504274611399,0.0,0.0,1.0,0.0
trial_truth_026.mp4,S006,0,0.005555555555555556,0.04,0.005555555555555556,0.43222222222222223,0.03125097659301853,0.21875683615112973,0.8750273446045189,0.19,0.03666666666666667,0.7455555555555555,0.3750117191162224,0.2812587893371668,0.0,0.6250195318603706,0.2741939933259173,0.12869592068127098,0.0,0.0,0.8988888888888888,0.9755555555555555,0.3522222222222222,0.04555555555555556,0.1511111111111111,0.13111111111111112,0.45666666666666667,1.0937841807556488,0.8750273446045189,0.99,0.37,0.0,0.0,0.0,0.0,0.0,0.0,0.0,0.0,0.0,0.005555555555555556,0.03125097659301853,0.011111111111111112,0.0937529297790556,0.0,0.0,0.0,0.0,0.0,0.0,0.0011111111111111111,0.03125097659301853,0.042222222222222223,0.25000781274414824,1.2317362626418633,0.15625488296509266,0.0033333333333333335,0.5647235294117647,0.1360253586253608,0.8070588235294118,0.0,1.7666114600585399,0.03501275927501145,1.100914026192233,5.7588888888888885,1.3490036313806093,0.9026745159375863,0.0,0.03085984427141264,0.302,1.097,0.504,-0.5453663074029917,0.0,0.0,32.03459399332591,0.0,0.0,1.0,0.0
trial_truth_027.mp4,S026,0,0.0,0.0,0.0,0.12322274881516587,0.0,0.0,0.20047311655506997,0.06872037914691943,0.15876777251184834,0.7037914691943128,0.20047311655506997,0.40094623311013994,0.6966824644549763,0.24056773986608396,0.3144089469517027,0.08072466922956147,0.0,0.0,1.0,0.07582938388625593,0.24644549763033174,0.0,0.0071090047393364926,0.061611374407582936,0.13507109004739337,0.08018924662202799,0.6415139729762239,0.9786729857819905,0.7511848341232228,0.0,0.0,0.0,0.0,0.0,0.0,0.0,0.0,0.0,0.0,0.0,0.002369668246445498,0.040094623311013995,0.0071090047393364926,0.040094623311013995,0.0,0.0,0.0,0.0,0.0,0.0,0.0,0.0,0.8112781244591329,0.040094623311013995,0.0,0.159896327014218,0.09481472987838978,0.5525,0.25829383886255924,3.529630796020822,0.01709026128266033,2.674018377374675,1.7085308056872037,0.7045645474223748,0.9666443970097564,0.0,0.01885273159144892,0.119,0.37500000000000006,0.33499999999999996,-1.276537628803977,0.0,0.0,25.000242280285036,0.0,0.0,1.0,0.0
trial_truth_028.mp4,S004,0,0.12121212121212122,0.030303030303030304,0.0,0.6515151515151515,0.07836990595611286,0.07836990595611286,0.15673981191222572,0.4696969696969697,0.12121212121212122,0.803030303030303,0.23510971786833856,0.15673981191222572,0.5606060606060606,0.15673981191222572,0.2163076923076923,0.020000000000000004,0.0,0.0,0.7727272727272727,1.0,0.25757575757575757,0.15151515151515152,0.7727272727272727,0.36363636363636365,0.7424242424242424,0.7836990595611285,0.4702194357366771,1.0,0.36363636363636365,0.0,0.0,0.0,0.0,0.0,0.0,0.0,0.0,0.0,0.12121212121212122,0.07836990595611286,0.4090909090909091,0.15673981191222572,0.0,0.0,0.12121212121212122,0.07836990595611286,0.0,0.0,0.0,0.0,0.0,0.0,1.324358648692478,0.07836990595611286,0.12121212121212122,0.29848484848484846,0.07087324078130712,0.3376470588235294,0.0,1.7263660794266946,0.03277828054298642,2.33675046063309,3.9393939393939394,0.0,0.8803092855997787,0.0,0.09992307692307689,0.355,0.7419999999999999,0.481,-0.03595795685045188,0.0,0.0,12.956307692307693,0.0,0.0,1.0,0.0
trial_truth_029.mp4,S027,0,0.0,0.0,0.0,0.37410071942446044,0.0,0.0,0.8064516129032256,0.0,0.0,0.9136690647482014,0.0,0.0,0.0,0.17921146953405015,0.1608695652173905,8.881784197001252e-16,0.0,0.0,0.1223021582733813,0.5899280575539568,0.26618705035971224,0.0,0.09352517985611511,0.04316546762589928,0.31654676258992803,0.17921146953405015,0.3584229390681003,1.0,0.9928057553956835,0.0,0.0,0.0,0.0,0.0,0.0,0.0,0.0,0.0,0.0,0.0,0.0,0.0,0.0,0.0,0.0,0.0,0.0,0.0,0.0,0.0,0.0,0.0,0.0,0.0,0.0,0.1910452814219213,0.05353376176516107,0.22941176470588234,0.014388489208633094,1.690390749601276,0.014982949701619777,2.1296263874050725,2.4532374100719423,0.0,0.9457583216048919,0.0,0.026855072463768098,0.16999999999999998,0.217,0.139,0.4000632511068943,0.0,0.0,11.240869565217393,0.0,0.0,1.0,0.0
trial_truth_030.mp4,S028,0,0.0018066847335140017,0.0036133694670280035,0.0,0.018970189701897018,0.01823486506199854,0.01823486506199854,0.05470459518599562,0.02077687443541102,0.11743450767841011,0.08220415537488708,0.05470459518599562,0.2735229759299781,1.0,0.10940919037199125,0.2562507534659449,0.14313940369056008,0.0,0.0,0.7913279132791328,0.16169828364950317,0.25835591689250226,0.005420054200542005,0.07136404697380307,0.0921409214092141,0.2682926829268293,1.2399708242159007,0.4558716265499635,0.8283649503161699,0.1933152664859982,0.0,0.0,0.0,0.0,0.0,0.0,0.0,0.0,0.0,0.0018066847335140017,0.01823486506199854,0.0,0.0,0.0036133694670280035,0.01823486506199854,0.0,0.0,0.0,0.0,0.0,0.0,0.005420054200542005,0.03646973012399708,1.4591479170272448,0.03646973012399708,0.0018066847335140017,0.26195281364578354,0.06205567559418045,0.3523529411764706,0.0,1.7987074237933824,0.01709924476119562,2.345762025418973,3.5501355013550135,0.8793048145335154,0.9500055030564346,0.0,0.027567811934900547,0.45699999999999996,0.29600000000000004,0.414,0.5101257133050162,0.0,0.0,54.88958408679928,0.0,0.0,1.0,0.0
trial_truth_031.mp4,S027,0,0.0,0.06481481481481481,0.0,0.22530864197530864,0.0,0.22271714922048996,0.5011135857461024,0.12654320987654322,0.06172839506172839,0.6018518518518519,0.27839643652561247,0.16703786191536749,0.0,0.33407572383073497,0.14893704850361192,0.0679869268479038,0.1574074074074074,0.0,0.07407407407407407,0.0,0.2037037037037037,0.06481481481481481,0.027777777777777776,0.05246913580246913,0.3271604938271605,0.33407572383073497,0.11135857461024498,0.16666666666666666,1.0,2.0,0.11135857461024498,0.1956037151702787,0.01999999999999995,0.1956037151702787,1.315,0.245,1.56,1.0,0.0,0.0,0.0,0.0,0.0,0.0,0.0,0.0,0.0,0.0,0.0,0.0,0.012345679012345678,0.05567928730512249,0.0,0.0,0.0,0.20170842411038492,0.0682042196443102,0.4423529411764706,0.037037037037037035,2.531318349969847,0.01738663267164451,2.3962505285772733,2.7962962962962963,0.6721136566726065,0.9734143545222866,0.11135857461024498,0.02553869969040244,0.177,0.255,0.107,0.5853749072011877,-0.005289532293986439,110.66666666667078,2.9022703818369453,3.684520170780571,1.26953029388272,0.16666666666666666,0.3333333333333333
trial_truth_032.mp4,S027,0,0.0,0.0,0.0,0.0,0.0,0.0,0.0,0.006535947712418301,0.0,0.00980392156862745,0.027056277056277056,0.0,0.7712418300653595,0.514069264069264,0.2487263961430292,0.08761537703867307,0.0,0.0,1.0,0.9923747276688453,0.25272331154684097,0.0,0.24183006535947713,0.03594771241830065,0.3355119825708061,0.16233766233766234,0.6493506493506493,1.0,0.0,2.0,0.05411255411255411,0.2803053435114506,0.15999999999999837,0.2803053435114506,0.88,0.36,1.24,1.5,0.0,0.0,0.0,0.0,0.0,0.0,0.0,0.0,0.0,0.0,0.0,0.0,0.0,0.0,0.0,0.0,0.0,0.15015182461873638,0.06587530988892285,0.37937499999999996,0.23093681917211328,2.6931074665711447,0.015007497273718648,2.3852076404755316,1.5577342047930283,0.7888273072796476,0.9651364371829368,0.0,0.01339476553980368,0.16399999999999998,0.23200000000000004,0.14700000000000002,0.023259943181818035,-0.2613974567099567,0.08898305084745707,4.42030534351145,4.204949464619046,0.951280316141842,0.5,0.375
trial_truth_033.mp4,S027,0,0.0,0.0,0.0,0.0,0.0,0.0,0.0,0.0,0.0,0.5208333333333334,0.0,0.0,0.96875,0.0,0.0,0.0,0.0,0.0,1.0,1.0,0.0625,0.0,0.0,0.0,0.020833333333333332,0.0,0.11820330969267138,1.0,0.08333333333333333,1.0,0.05910165484633569,0.2581052631578947,0.0,0.2581052631578947,1.3,0.0,1.3,2.0,0.0,0.0,0.0,0.0,0.0,0.0,0.0,0.0,0.0,0.0,0.0,0.0,0.0,0.0,0.0,0.0,0.0,0.14325000000000002,0.049089416714128246,0.22200000000000003,0.03125,2.1873182082606166,0.010856140350877194,1.2393644359482958,1.78125,0.0,0.9632898013545828,0.0,0.02265263157894736,0.09,0.24000000000000005,0.293,-0.20399921197793547,0.018715524034672932,10.900000000000027,8.578105263157896,8.320000000000002,0.969911156923379,0.5,0.5
trial_truth_034.mp4,S027,0,0.0,0.0,0.0,0.3770491803278688,0.0,0.0,0.22609819121447028,0.05737704918032787,0.0,0.6475409836065574,0.03229974160206718,0.0,1.0,0.09689922480620154,0.25586776859504134,0.0,0.0,0.0,1.0,1.0,0.03278688524590164,0.0,0.18032786885245902,0.0,0.39344262295081966,0.0,0.12919896640826872,1.0,0.22131147540983606,0.0,0.0,0.0,0.0,0.0,0.0,0.0,0.0,0.0,0.0,0.0,0.0,0.0,0.0,0.0,0.0,0.0,0.0,0.0,0.0,0.0,0.0,0.0,0.0,0.0,0.0,0.176448087431694,0.05368927960091489,0.30466666666666664,0.02459016393442623,2.2065035614741406,0.017035812672176312,1.9832382869236564,2.0901639344262297,0.1882352941176471,0.9691108154977117,0.0,0.02097520661157025,0.12100000000000002,0.198,0.115,-0.06774332472006893,0.0,0.0,31.215867768595043,0.0,0.0,1.0,0.0
trial_truth_035.mp4,S027,0,0.0,0.2363150867823765,0.0,0.0,0.0,0.26702269692923897,0.0,0.028037383177570093,0.03337783711615487,0.0,0.13351134846461948,0.16688918558077437,0.9853137516688919,0.10013351134846461,0.22672014260249532,0.1049867716534901,0.22296395193591456,0.0,0.46328437917222964,0.0,0.30440587449933243,0.2363150867823765,0.06809078771695594,0.16688918558077437,0.3444592790387183,1.2016021361815754,0.13351134846461948,0.4833110814419226,0.05473965287049399,0.0,0.0,0.0,0.0,0.0,0.0,0.0,0.0,0.0,0.0,0.0,0.0,0.0,0.010680907877169559,0.06675567423230974,0.0,0.0,0.0,0.0,0.0,0.0,0.205607476635514,0.30040053404539385,0.2837689703721876,0.13351134846461948,0.0013351134846461949,0.21290583523128878,0.09643423521120315,0.5929411764705883,0.09879839786381843,3.0668073318012636,0.01640610254797106,2.8512907773346696,2.692923898531375,0.24399999999999994,0.9551944569636812,0.10013351134846461,0.02235695187165779,0.335,0.191,0.21800000000000003,0.20560747663551412,0.0,0.0,30.00005347593583,0.0,0.0,1.0,0.0
trial_truth_036.mp4,S027,0,0.0,0.5466377440347071,0.0,0.004338394793926247,0.0,0.40584415584415584,0.027056277056277056,0.031453362255965296,0.0,0.004338394793926247,0.08116883116883117,0.0,0.9913232104121475,0.21645021645021645,0.28513029315960897,0.11905880899790669,0.36225596529284165,0.0,0.26898047722342733,0.0,0.30260303687635576,0.5466377440347071,0.04880694143167028,0.17136659436008678,0.3947939262472885,0.3787878787878788,0.3246753246753247,0.3036876355748373,0.03470715835140998,0.0,0.0,0.0,0.0,0.0,0.0,0.0,0.0,0.0,0.0,0.0,0.0,0.0,0.0,0.0,0.0,0.0,0.0,0.0,0.0,0.0,0.32537960954446854,0.5681818181818181,0.0,0.0,0.0,0.22711177746586705,0.08023474781303855,0.45411764705882357,0.031453362255965296,2.2222796544701175,0.017602350386408637,2.6929391199078516,3.0325379609544467,1.0181668000661241,0.960970166498543,0.40584415584415584,0.02073615635179151,0.35600000000000004,0.362,0.211,0.337137127578304,0.0,0.0,37.00013029315961,0.0,0.0,1.0,0.0
trial_truth_037.mp4,S029,0,0.12379110251450677,0.0,0.05609284332688588,0.02127659574468085,0.2742230347349177,0.0,0.04570383912248628,0.048355899419729204,0.0,0.05609284332688588,0.13711151736745886,0.0,0.3597678916827853,0.22851919561243142,0.2824031007751938,0.11027239001672227,0.06576402321083172,0.0,0.6750483558994197,0.6460348162475822,0.32688588007736946,0.12379110251450677,0.10058027079303675,0.01160541586073501,0.13152804642166344,0.5027422303473491,0.5027422303473491,0.839458413926499,0.49709864603481624,0.0,0.0,0.0,0.0,0.0,0.0,0.0,0.0,0.0,0.12379110251450677,0.2742230347349177,0.0,0.0,0.0019342359767891683,0.04570383912248628,0.0,0.0,0.0,0.0,0.0,0.0,0.10444874274661509,0.2742230347349177,1.0564654514018317,0.0,0.10444874274661509,0.29671407441119585,0.10142596458522014,0.5641176470588235,0.013539651837524178,2.1212737075411643,0.01808139534883721,2.8716805099628973,3.9709864603481626,0.5618912682132362,0.9381183921700188,0.09140767824497256,0.019147286821705436,0.227,0.419,0.509,2.5664049897838472,0.0,0.0,21.922403100775195,0.0,0.0,1.0,0.0
trial_truth_038.mp4,S027,0,0.0,0.0,0.0,0.0,0.0,0.0,0.0,0.0,0.004246284501061571,0.03397027600849257,0.0,0.05285412262156448,0.821656050955414,0.2642706131078224,0.24025531914893633,0.061967733539318615,0.0,0.0,0.9957537154989384,0.06581740976645435,0.21443736730360935,0.0,0.01910828025477707,0.03821656050955414,0.11889596602972399,0.36997885835095135,0.8456659619450316,0.12951167728237792,0.11252653927813164,3.0,0.15856236786469344,0.12025531914893801,1.3877787807814457e-17,0.12025531914893803,0.83,0.2717842281418601,1.21,1.6666666666666667,0.0,0.0,0.0,0.0,0.0,0.0,0.0,0.0,0.0,0.0,0.0,0.0,0.0,0.0,0.0,0.0,0.0,0.13129636568002997,0.05268582823242762,0.24352941176470594,0.3503184713375796,2.226664383757099,0.01144305381727159,2.009229129984291,1.4883227176220806,0.8913643032152303,0.951455869832127,0.0,0.024614893617021263,0.234,0.567,0.44900000000000007,0.4011825756633616,0.1952776113328284,2.054421768707482,1.607528046421664,1.7417081005260366,1.0834698059564534,0.18181818181818182,0.2727272727272727
trial_truth_039.mp4,S005,0,0.0,0.0,0.0,0.12962962962962962,0.0,0.0,0.2503128911138924,0.02861952861952862,0.02861952861952862,0.51010101010101,0.09386733416770963,0.15644555694618273,0.19023569023569023,0.15644555694618273,0.2698954468802695,0.08236504112789549,0.013468013468013467,0.0,0.8855218855218855,0.8888888888888888,0.35353535353535354,0.0,0.05723905723905724,0.08585858585858586,0.12962962962962962,0.5632040050062578,0.4067584480600751,1.0,0.006734006734006734,0.0,0.0,0.0,0.0,0.0,0.0,0.0,0.0,0.0,0.0,0.0,0.0,0.0,0.0,0.0,0.0,0.0,0.0,0.0,0.0,0.0,0.0,0.0,0.0,0.0,0.0,0.24769261239849474,0.1030639746244819,0.5623529411764706,0.006734006734006734,2.5719734527426836,0.013883543299275864,2.7560999337842866,3.228956228956229,0.7905694150420947,0.935961428089692,0.0,0.015005059021922434,0.235,0.528,0.20800000000000002,0.30560259147463764,0.08076639917543996,3.7837837837837833,6.25389544688027,3.9912704744229,0.6382055006074541,0.6,0.0
trial_truth_040.mp4,S005,0,0.0,0.0,0.0,0.2842377260981912,0.0,0.0,0.32341526520051744,0.05426356589147287,0.0,0.9341085271317829,0.0646830530401035,0.0,0.11757105943152454,0.2910737386804657,0.21777777777777751,0.08866638819226705,0.06201550387596899,0.0,0.9289405684754521,0.0,0.34108527131782945,0.0,0.04909560723514212,0.02454780361757106,0.27648578811369506,0.45278137128072443,0.0,0.007751937984496124,1.0,0.0,0.0,0.0,0.0,0.0,0.0,0.0,0.0,0.0,0.0,0.0,0.03617571059431524,0.03234152652005175,0.0,0.0,0.0,0.0,0.037467700258397935,0.09702457956015523,0.0,0.0,0.0,0.0,0.9997779672118906,0.03234152652005175,0.00904392764857881,0.1872123423012616,0.06267379841495235,0.38411764705882356,0.031007751937984496,2.447676731592066,0.010451259417091545,2.2032299047960184,2.6291989664082687,0.4673257693194121,0.9741679615370854,0.0,0.009892626131953438,0.174,0.111,0.098,0.14705882352941194,0.0,0.0,30.96,0.0,0.0,1.0,0.0
trial_truth_041.mp4,S028,0,0.0,0.0,0.0,0.0,0.0,0.0,0.0,0.0,0.0,0.0,0.0,0.0,0.0,0.0,0.0,0.0,0.0,0.0,0.0,0.0,0.0,0.0,0.0,0.0,0.0,0.0,0.0,0.0,0.0,0.0,0.0,0.0,0.0,0.0,0.0,0.0,0.0,0.0,0.0,0.0,0.0,0.0,0.0,0.0,0.0,0.0,0.0,0.0,0.0,0.0,0.0,0.0,0.0,0.0,0.0,0.0,0.0,0.0,1.0,0.0,0.0,0.0,0.0,0.0,0.0,0.0,0.0,0.0,0.0,0.0,0.0,0.0,0.0,0.0,0.0,0.0,0.0,0.0
trial_truth_042.mp4,S028,0,0.0,0.0,0.0,0.05188679245283019,0.0,0.0,0.08888888888888889,0.05188679245283019,0.12735849056603774,0.05188679245283019,0.08888888888888889,0.13333333333333333,0.10849056603773585,0.08888888888888889,0.3566350710900483,0.04999999999999982,0.0,0.0,1.0,0.24056603773584906,0.16981132075471697,0.0,0.09905660377358491,0.14622641509433962,0.5094339622641509,1.0222222222222221,0.9777777777777777,0.75,0.7452830188679245,2.0,0.08888888888888889,0.3566350710900474,0.05000000000000071,0.3566350710900474,0.9450000000000001,0.615,1.56,1.5,0.0,0.0,0.0,0.0,0.018867924528301886,0.08888888888888889,0.0,0.0,0.0,0.0,0.0,0.0,0.0,0.0,0.0,0.0,0.0,0.18252774694783575,0.09664322853988243,0.5464705882352942,0.18396226415094338,3.0744721280574008,0.025213270142180097,2.797557071318296,2.30188679245283,0.0,0.9557760769153012,0.0,0.07205687203791471,0.30500000000000005,0.78,0.351,0.3399444444444445,0.06619607843137253,5.135416666666669,2.356635071090047,1.9754746265138405,0.8382607263839525,0.25,0.25
trial_truth_043.mp4,S028,0,0.0,0.0,0.0,0.0,0.0,0.0,0.0,0.0410958904109589,0.0,0.0,0.04566210045662101,0.0,0.0547945205479452,0.09132420091324202,0.2504587155963306,0.15000000000000036,0.0,0.0,0.9315068493150684,0.7808219178082192,0.1963470319634703,0.0,0.0776255707762557,0.0319634703196347,0.3789954337899543,0.5022831050228311,0.22831050228310504,0.9771689497716894,0.8264840182648402,4.0,0.18264840182648404,0.27545871559632984,0.10897247358851649,0.30045871559633,1.1925,0.6440642436900219,1.89,1.0,0.0,0.0,0.0,0.0,0.0136986301369863,0.04566210045662101,0.0,0.0,0.0,0.0,0.0,0.0,0.0,0.0,0.0,0.0,0.0,0.18097502014504432,0.08244508979698213,0.4023529411764706,0.1506849315068493,2.346765216616946,0.02779816513761468,2.6937763540567192,2.2100456621004567,0.0,0.9633255194913352,0.0,0.048573394495412814,0.636,0.275,0.36200000000000004,0.08574114577337781,0.1601895552741644,0.5352480417754569,1.171887287024901,0.7055176128494712,0.6020353840006115,0.0,0.2857142857142857
trial_truth_044.mp4,S030,0,0.0,0.0,0.0,0.033816425120772944,0.0,0.0,0.04784688995215311,0.09178743961352658,0.14492753623188406,0.3188405797101449,0.09569377990430622,0.04784688995215311,0.18357487922705315,0.14354066985645933,0.4014563106796117,0.08164965809277085,0.0,0.0,1.0,0.5265700483091788,0.2463768115942029,0.0,0.2608695652173913,0.03864734299516908,0.12077294685990338,0.28708133971291866,0.3827751196172249,1.0,0.4830917874396135,0.0,0.0,0.0,0.0,0.0,0.0,0.0,0.0,0.0,0.0,0.0,0.0,0.0,0.0,0.0,0.0,0.0,0.0,0.0,0.0,0.0,0.0,0.0,0.0,0.0,0.0,0.17599033816425122,0.08116332168563643,0.3652941176470588,0.2318840579710145,2.336358205099223,0.017984009137635638,2.6212872747296094,2.1932367149758454,0.5051546391752579,0.9470000991521048,0.0,0.028601941747572805,0.172,0.41800000000000004,0.23,-0.20292710385589646,0.19712918660287074,1.029411764705883,5.076456310679612,4.969595053925421,0.9789496352939389,0.25,0.0
trial_truth_045.mp4,S030,0,0.05263157894736842,0.0,0.0,0.32507739938080493,0.0911854103343465,0.0,0.425531914893617,0.10835913312693499,0.04643962848297214,1.0,0.0911854103343465,0.12158054711246201,0.0,0.060790273556231005,0.45217391304347854,0.0499999999999996,0.043343653250773995,0.0,0.23529411764705882,0.09287925696594428,0.3188854489164087,0.05263157894736842,0.08668730650154799,0.18575851393188855,0.23839009287925697,0.5471124620060791,0.45592705167173253,0.9566563467492261,0.07430340557275542,0.0,0.0,0.0,0.0,0.0,0.0,0.0,0.0,0.0,0.05263157894736842,0.0911854103343465,0.05263157894736842,0.060790273556231005,0.0,0.0,0.0,0.0,0.0,0.0,0.0,0.0,0.0,0.0,1.0,0.030395136778115502,0.0,0.44883991986887634,0.09351093344566287,0.48411764705882354,0.0,1.664421524154217,0.029819145049324078,1.949830540433699,4.458204334365325,0.0,0.9669778861002583,0.0,0.04441614906832294,0.23099999999999998,0.231,0.371,0.011514392991239443,0.0,0.0,33.00217391304348,0.0,0.0,1.0,0.0
trial_truth_046.mp4,S030,0,0.0,0.0,0.0,0.16722408026755853,0.0,0.0,0.2459016393442623,0.016722408026755852,0.013377926421404682,0.5083612040133779,0.0273224043715847,0.0546448087431694,0.6354515050167224,0.1092896174863388,0.32281879194630864,0.14142135623730964,0.0,0.0,1.0,0.5150501672240803,0.18729096989966554,0.0,0.11705685618729098,0.06020066889632107,0.12374581939799331,0.8743169398907104,0.6557377049180327,0.9331103678929766,0.3010033444816054,0.0,0.0,0.0,0.0,0.0,0.0,0.0,0.0,0.0,0.0,0.0,0.0,0.0,0.0,0.0,0.0,0.0,0.0,0.0,0.023411371237458192,0.0546448087431694,0.0,0.0,0.0,0.0,0.0,0.19809954751131223,0.1040492348633633,0.5388235294117647,0.07357859531772576,3.073321151210598,0.027048953809711805,2.5430777351668183,2.4046822742474916,0.4080451609881745,0.9526018111430107,0.0,0.06967114093959731,0.3360000000000001,0.48899999999999993,0.41100000000000003,-0.14448194578377802,0.03272795456980598,4.414634146341476,5.622818791946309,4.567639798991744,0.8123398544399257,0.5,0.0
trial_truth_047.mp4,S030,0,0.0,0.0,0.0,0.013452914798206279,0.0,0.0,0.03952569169960475,0.2062780269058296,0.0,0.03139013452914798,0.11857707509881424,0.0,0.29596412556053814,0.03952569169960475,0.413963963963964,0.0,0.004484304932735426,0.0,0.9596412556053812,0.8565022421524664,0.3094170403587444,0.0,0.09865470852017937,0.06278026905829596,0.06278026905829596,0.790513833992095,0.7509881422924902,0.9730941704035875,0.726457399103139,1.0,0.03952569169960475,0.11396396396396395,0.0,0.11396396396396395,0.79,0.0,0.79,1.0,0.0,0.0,0.0,0.0,0.08520179372197309,0.11857707509881424,0.0,0.0,0.0,0.0,0.0,0.0,0.0,0.0,0.0,0.0,0.0,0.2526193616460037,0.09635064742868805,0.3852941176470588,0.02242152466367713,1.7650363378163896,0.02704822469528352,2.8434333388749256,3.2152466367713006,0.0,0.9306889822993136,0.0,0.06433333333333328,0.34299999999999997,0.51,0.55,0.15484770983492202,0.016345036038130742,9.473684210526267,1.5972972972972974,1.26874828954455,0.7943094198502259,0.08333333333333333,0.08333333333333333
trial_truth_048.mp4,S030,0,0.0,0.0,0.0,0.07758620689655173,0.0,0.0,0.11627906976744187,0.27586206896551724,0.08189655172413793,0.09482758620689655,0.03875968992248063,0.03875968992248063,0.5646551724137931,0.11627906976744187,0.37835497835497783,0.047140452079103,0.0,0.0,1.0,0.11206896551724138,0.27586206896551724,0.0,0.33189655172413796,0.1206896551724138,0.16379310344827586,0.4651162790697675,0.4651162790697675,0.49137931034482757,0.04741379310344827,0.0,0.0,0.0,0.0,0.0,0.0,0.0,0.0,0.0,0.0,0.0,0.03017241379310345,0.07751937984496125,0.07327586206896551,0.11627906976744187,0.0,0.0,0.0,0.0,0.0,0.0,0.0,0.0,0.8708644692353646,0.03875968992248063,0.0,0.23954868154158215,0.12867448234357576,0.6847058823529412,0.125,2.9860073244564873,0.02832187420422715,3.1339878909418752,2.788793103448276,0.1428571428571429,0.942601017576962,0.0,0.05656277056277054,0.607,0.7070000000000001,0.273,0.024578203374372987,0.3212722298221615,0.07650273224043708,8.445021645021646,9.63131466738691,1.1404724667656223,0.3333333333333333,0.0
trial_truth_049.mp4,S006,0,0.0,0.0,0.0,0.5664335664335665,0.0,0.0,0.3010033444816054,0.18181818181818182,0.024475524475524476,0.7657342657342657,0.16722408026755853,0.13377926421404682,0.9230769230769231,0.13377926421404682,0.3299122807017538,0.12990381056766548,0.09090909090909091,0.0,0.32517482517482516,0.6223776223776224,0.3356643356643357,0.0,0.38461538461538464,0.2972027972027972,0.4405594405594406,0.5351170568561873,0.4013377926421405,0.8706293706293706,0.17832167832167833,0.0,0.0,0.0,0.0,0.0,0.0,0.0,0.0,0.0,0.0,0.0,0.03496503496503497,0.06688963210702341,0.06643356643356643,0.10033444816053512,0.038461538461538464,0.10033444816053512,0.05944055944055944,0.16722408026755853,0.0,0.0,0.0,0.0,1.9474422981898685,0.26755852842809363,0.04895104895104895,0.4727108185931715,0.09973615676023066,0.6047058823529413,0.0,1.7782293153259776,0.026018575851393187,1.7274117276714274,5.06993006993007,0.16629805930127045,0.9233565646933946,0.4013377926421405,0.04838245614035087,0.563,0.547,0.302,-0.26352547708046375,0.0,0.0,30.004912280701753,0.0,0.0,1.0,0.0
trial_truth_050.mp4,S031,0,0.0,0.0,0.0,0.0,0.0,0.0,0.0,0.15625,0.0,0.0,0.17467248908296945,0.0,1.0,0.17467248908296945,0.35269058295964073,0.16583123951776976,0.0,0.0,1.0,0.7232142857142857,0.26339285714285715,0.0,0.14285714285714285,0.10267857142857142,0.16517857142857142,0.4366812227074236,0.4366812227074236,0.9955357142857143,0.7455357142857143,0.0,0.0,0.0,0.0,0.0,0.0,0.0,0.0,0.0,0.0,0.0,0.0,0.0,0.0,0.0,0.0,0.0,0.0,0.0,0.0,0.0,0.0,0.0,0.0,0.0,0.0,0.21309873949579833,0.07450398187524801,0.38117647058823523,0.017857142857142856,2.0647705427120813,0.022128725929833816,2.491950358054737,2.75,0.8577428371921785,0.9676205300473023,0.0,0.036488789237668164,0.22599999999999998,0.413,0.388,-0.2520421268944259,0.0,0.0,23.00269058295964,0.0,0.0,1.0,0.0
trial_truth_051.mp4,S032,0,0.0,0.0,0.0,0.0,0.0,0.0,0.0,0.07159353348729793,0.13625866050808313,0.0,0.1730343300110742,0.2422480620155039,0.0,0.4844961240310078,0.23133435177539252,0.09947035759871525,0.0,0.0,0.976905311778291,1.0,0.2540415704387991,0.0,0.019630484988452657,0.015011547344110854,0.25981524249422633,0.13842746400885936,0.06921373200442968,1.0,0.5473441108545035,16.0,0.5537098560354374,0.2879057803468205,0.12878518936585842,0.28390578034682074,1.2181250000000001,0.4691111109055082,2.2,1.8125,0.0,0.0,0.0,0.0,0.0,0.0,0.0,0.0,0.0,0.0,0.0,0.0,0.0,0.0,0.0,0.0,0.0,0.14006045374269802,0.06137093103913226,0.33235294117647063,0.27713625866050806,2.40652385825206,0.014916014960897653,2.3739134130170356,1.8325635103926097,0.9901454316074768,0.890074193984815,0.0,0.015402312138728285,0.299,0.494,0.40700000000000003,1.3622158165591822,0.5585507458797473,2.4388398486759146,0.7955657803468206,1.2958285898991426,1.6288138855522876,0.04,0.68
trial_truth_052.mp4,S033,0,0.0,0.0,0.0,0.16326530612244897,0.0,0.0,0.11904761904761905,0.0,0.0,0.673469387755102,0.0,0.0,0.12244897959183673,0.0,0.0,0.0,0.0,0.0,0.8979591836734694,0.9591836734693877,0.22448979591836735,0.0,0.14285714285714285,0.20408163265306123,0.1836734693877551,0.19841269841269843,0.11904761904761905,1.0,0.9591836734693877,0.0,0.0,0.0,0.0,0.0,0.0,0.0,0.0,0.0,0.0,0.0,0.0,0.0,0.0,0.0,0.0,0.0,0.0,0.0,0.0,0.0,0.0,0.0,0.0,0.0,0.0,0.3406482593037215,0.13194584557074054,0.5505882352941177,0.04081632653061224,1.8718635466591487,0.06433823529411764,2.962263012157986,4.142857142857143,0.0,0.8808620180237737,0.0,0.1746875,0.608,0.678,0.39599999999999996,0.07619047619047616,0.0,0.0,25.724999999999998,0.0,0.0,1.0,0.0
trial_truth_053.mp4,S008,0,0.0,0.142668428005284,0.0,0.36459709379128136,0.0,0.47073064120238056,0.47073064120238056,0.04491413474240423,0.02906208718626156,0.49933949801849403,0.1344944689149659,0.10087085168622441,0.7516512549537648,0.16811808614370735,0.22453994708994723,0.13063138979586772,0.0,0.0,0.8877146631439894,1.0,0.3474240422721268,0.142668428005284,0.49801849405548215,0.40686922060766184,0.46499339498018494,0.571601492888605,0.3362361722874147,1.0,0.47820343461030385,0.0,0.0,0.0,0.0,0.0,0.0,0.0,0.0,0.0,0.0,0.0,0.02509907529722589,0.10087085168622441,0.017173051519154558,0.06724723445748294,0.0066050198150594455,0.03362361722874147,0.017173051519154558,0.10087085168622441,0.010568031704095112,0.03362361722874147,0.0977542932628798,0.36985978951615617,1.9532483242215168,0.40348340674489763,0.015852047556142668,0.47686922060766185,0.19501283244227813,0.9275000000000001,0.0,2.2975376741738,0.027427248677248675,2.308238294649166,4.52443857331572,0.4128836891991819,0.9707698321154478,0.0,0.017292328042328053,0.28200000000000003,0.20700000000000002,0.379,-0.52427625163915,0.0,0.0,29.780339947089946,0.0,0.0,1.0,0.0
trial_truth_054.mp4,S003,0,0.03333333333333333,0.0,0.0,0.07777777777777778,0.04168229752823976,0.0,0.25009378516943853,0.0,0.009722222222222222,0.8166666666666667,0.0,0.04168229752823976,0.002777777777777778,0.16672919011295903,0.40861717663421493,0.13046527315726597,0.0,0.0,1.0,0.9236111111111112,0.2263888888888889,0.03333333333333333,0.0,0.020833333333333332,0.07777777777777778,0.08336459505647952,0.33345838022591806,1.0,0.4083333333333333,0.0,0.0,0.0,0.0,0.0,0.0,0.0,0.0,0.0,0.03333333333333333,0.04168229752823976,0.0,0.0,0.0,0.0,0.0,0.0,0.0,0.0,0.0,0.0,0.03333333333333333,0.04168229752823976,1.0,0.0,0.03333333333333333,0.2391307189542484,0.06840692033369705,0.3635294117647059,0.008333333333333333,1.9039549566786016,0.013011535629550847,2.5101866447734498,2.9458333333333333,0.4727247214255196,0.9369121348893339,0.0,0.008801112656467318,0.17800000000000002,0.14200000000000002,0.258,-0.1586624395913161,0.0,0.0,24.024367176634215,0.0,0.0,1.0,0.0
trial_truth_055.mp4,S003,0,0.15517241379310345,0.0,0.04597701149425287,0.04597701149425287,0.06897503103876397,0.0,0.2759001241550559,0.0,0.005747126436781609,0.7563218390804598,0.0,0.034487515519381985,0.04367816091954023,0.37936267071320184,0.2455489067894134,0.07836258172671459,0.0,0.0,1.0,0.9804597701149426,0.27586206896551724,0.15517241379310345,0.0,0.06551724137931035,0.059770114942528735,0.2759001241550559,0.20692509311629192,1.0,0.6241379310344828,0.0,0.0,0.0,0.0,0.0,0.0,0.0,0.0,0.0,0.15517241379310345,0.06897503103876397,0.0,0.0,0.0,0.0,0.0,0.0,0.0,0.0,0.0,0.0,0.1528735632183908,0.13795006207752794,0.9999598265640397,0.0,0.1528735632183908,0.3003739012846518,0.07107528470916598,0.4170588235294117,0.0,1.8858848448969392,0.012163406214039123,2.3868665353389455,3.67816091954023,0.7582637328345958,0.925777283408793,0.0,0.009215189873417701,0.204,0.22299999999999998,0.255,-0.9696063554405078,0.0,0.0,29.029367088607593,0.0,0.0,1.0,0.0
trial_truth_056.mp4,S003,0,0.005888125613346418,0.003925417075564278,0.0,0.10402355250245339,0.02944033915270704,0.02944033915270704,0.2944033915270704,0.02747791952894995,0.03140333660451423,0.8773307163886163,0.02944033915270704,0.17664203491624225,0.0068694798822374874,0.3532840698324845,0.21686640471512741,0.06321721811869517,0.0,0.0,1.0,0.9636898920510304,0.22571148184494602,0.009813542688910697,0.03729146221786065,0.007850834151128557,0.07556427870461237,0.17664203491624225,0.05888067830541408,1.0,0.14425907752698724,1.0,0.02944033915270704,0.43436640471512794,0.0,0.43436640471512794,1.58,0.0,1.58,2.0,0.005888125613346418,0.02944033915270704,0.0,0.0,0.0,0.0,0.0,0.0,0.0,0.0,0.0,0.0,0.0068694798822374874,0.02944033915270704,0.9957274520849255,0.02944033915270704,0.005888125613346418,0.26173064711655025,0.07476826158651198,0.3917647058823529,0.0,1.9845278740879937,0.012628568126661273,2.5702287557833388,2.8518155053974485,0.984147796424139,0.928406937777694,0.0,0.008322200392927314,0.17200000000000001,0.15100000000000002,0.131,-0.026444351697754963,0.0,0.0,8.458616404715128,12.434490125755058,1.4700383054164319,0.25,0.25
trial_truth_057.mp4,S001,0,0.041404140414041404,0.5697569756975698,0.022502250225022502,0.14401440144014402,0.07900766374338311,0.7110689736904481,0.5530536462036818,0.10801080108010801,0.0558055805580558,0.3132313231323132,0.28969476705907143,0.3423665428879935,0.49684968496849685,0.13167943957230518,0.394608108108108,0.15556683451172976,0.0,0.0,0.9648964896489649,0.675967596759676,0.36003600360036003,0.6111611161116112,0.20522052205220523,0.12421242124212421,0.48064806480648065,0.5530536462036818,0.3423665428879935,0.9324932493249325,0.0711071107110711,0.0,0.0,0.0,0.0,0.0,0.0,0.0,0.0,0.0,0.041404140414041404,0.07900766374338311,0.0,0.0,0.008100810081008101,0.10534355165784415,0.0018001800180018,0.026335887914461037,0.024302430243024302,0.2106871033156883,0.0,0.0,0.6021602160216022,0.684733085775987,0.6692058108749103,0.7637407495193701,0.05850585058505851,0.3919023667072589,0.09110349507357285,0.5452941176470588,0.0,1.77265038787548,0.016023847376788553,2.478183013425682,5.133213321332133,1.2609484709569923,0.9448355459634714,0.0,0.019923423423423424,0.405,1.0550000000000002,0.283,0.9113766388280827,0.0,0.0,38.00520810810811,0.0,0.0,1.0,0.0
trial_truth_058.mp4,S001,0,0.06389776357827476,0.020766773162939296,0.007987220447284345,0.12619808306709265,0.2858776443682104,0.2858776443682104,0.42881646655231564,0.134185303514377,0.0878594249201278,0.9440894568690096,0.3811701924909472,0.47646274061368404,0.0,0.3811701924909472,0.3882058000000002,0.15199501430968038,0.0,0.0,0.9888178913738019,0.7843450479233227,0.24920127795527156,0.08466453674121406,0.001597444089456869,0.11980830670926518,0.14536741214057508,0.6670478368591576,0.1905850962454736,1.0,0.14217252396166133,0.0,0.0,0.0,0.0,0.0,0.0,0.0,0.0,0.0,0.06389776357827476,0.2858776443682104,0.0,0.0,0.0,0.0,0.0,0.0,0.0,0.0,0.0,0.0,0.04792332268370607,0.3811701924909472,0.9852281360342515,0.2858776443682104,0.03354632587859425,0.3059641044916369,0.08253886343948609,0.4511764705882353,0.001597444089456869,1.793751362839251,0.016728470588235293,2.7149353859693472,4.293929712460064,0.8214273863745886,0.9708687450080823,0.0,0.019233599999999972,0.34099999999999997,0.31999999999999995,0.366,0.7357145259475998,0.0,0.0,21.0215808,0.0,0.0,1.0,0.0
trial_truth_059.mp4,S001,0,0.5654320987654321,0.17777777777777778,0.03333333333333333,0.07037037037037037,0.9631770022968067,0.777950655701267,0.2593168852337557,0.15308641975308643,0.027160493827160494,0.2839506172839506,0.1481810772764318,0.1481810772764318,0.08271604938271605,0.2593168852337557,0.27179569132968423,0.10789393885115309,0.0,0.0,1.0,0.17160493827160495,0.21358024691358024,0.7432098765432099,0.05432098765432099,0.17530864197530865,0.17530864197530865,0.8890864636585908,1.0372675409350227,0.7012345679012346,0.1925925925925926,0.0,0.0,0.0,0.0,0.0,0.0,0.0,0.0,0.0,0.5654320987654321,0.9631770022968067,0.0012345679012345679,0.03704526931910795,0.003703703703703704,0.03704526931910795,0.0,0.0,0.0,0.0,0.003703703703703704,0.03704526931910795,0.7024691358024692,0.5186337704675114,1.0531740629404933,1.555901311402534,0.5444444444444444,0.30722730573710966,0.08093283708849154,0.40941176470588236,0.0,1.7097898130726246,0.017246418963135314,2.6965680623768664,4.54320987654321,0.7872584363992482,0.9502496729258328,0.0,0.027009888751545107,0.28600000000000003,0.623,0.496,0.4054713683650822,0.0,0.0,27.02736711990111,0.0,0.0,1.0,0.0
trial_truth_060.mp4,S008,0,0.0,0.18128654970760233,0.0,0.029239766081871343,0.0,0.5009267144216801,0.05009267144216801,0.031189083820662766,0.01949317738791423,0.07602339181286549,0.15027801432650403,0.10018534288433602,0.8966861598440545,0.10018534288433602,0.37199023437499973,0.037000000000000366,0.0,0.0,1.0,0.9961013645224172,0.20662768031189083,0.18128654970760233,0.3157894736842105,0.38791423001949316,0.4600389863547758,0.7012974001903521,0.6011120573060161,1.0,0.7309941520467836,0.0,0.0,0.0,0.0,0.0,0.0,0.0,0.0,0.0,0.0,0.0,0.0,0.0,0.0,0.0,0.0,0.0,0.0,0.0,0.0,0.0,0.18128654970760233,0.5009267144216801,0.0,0.0,0.0,0.4847648635477583,0.18691559426833046,0.901875,0.001949317738791423,2.0448057904723607,0.022860107421875,2.143436512627333,4.785575048732944,0.0,0.9689703411295704,0.0,0.012748046874999995,0.2,0.199,0.22399999999999998,0.8976606722436504,0.0,0.0,20.001990234375,0.0,0.0,1.0,0.0
